s/w_ratio,snippets,words,volid,date,author,title
0.0026080476900149033,112,42944,nnc1.0113413392,1797,<blank>,Memoirs of Mrs. Margaret Leeson
0.002570694087403599,68,26452,nyp.33433074930284,1771,"Bridges, Thomas,",The adventures of a bank-note
0.0022457258765575198,62,27608,nyp.33433074930276,1771,"Bridges, Thomas,",The adventures of a bank-note
0.0022335322763721577,61,27311,njp.32101079239479,1777,"Pratt,",Liberal opinions
0.0021541241053436174,155,71955,nyp.33433076095706,1765,"Swift, Jonathan,","The works of Dr. Jonathan Swift, Dean of St. Patrick's, Dublin"
0.002063947386832715,177,85758,mdp.39015078562975,1753,"Swift, Jonathan,",The works of the Reverend Dr. J. Swift
0.0020008084074373484,99,49480,nyp.33433074907555,1786,"Bellamy, George Anne,","An apology for the life of George Anne Bellamy, late of Covent-Garden theatre"
0.0018583881490988822,139,74796,mdp.39015078563247,1772,"Swift, Jonathan,",The works of the Reverend Dr. Jonathan Swift
0.001835477383726498,230,125308,nnc1.1002346672,1755,"Drake, Peter,",The memoirs of Capt. Peter Drake
0.0018213643674898287,154,84552,mdp.39015057619382,1767,"Swift, Jonathan,",Letters written by Jonathan Swift
0.001798384723539221,110,61166,nyp.33433074948534,1765,<blank>,The Parasite
0.0017788661460980456,154,86572,uc2.ark:/13960/t4rj4h44p,1769,"Swift, Jonathan,","Letters, written by the late Jonathan Swift, D.D. Dean of St. Patrick's, Dublin, and several of his friends"
0.0017769731107087775,53,29826,nnc1.0113413406,1797,<blank>,Memoirs of Mrs. Margaret Leeson
0.001759637361691547,184,104567,uc2.ark:/13960/t4jm24s6p,1781,"Swift, Jonathan,",The works of Jonathan Swift
0.0017332507975810676,182,105005,mdp.39015078563163,1765,"Swift, Jonathan,",The works of Dr. Jonathan Swift
0.0014720088320529924,32,21739,nyp.33433069322661,1793,"Twiss, Richard,","A trip to Paris in July and August, 1792"
0.0014372118090903647,24,16699,hvd.hn37mg,1780,"Pratt,","Shenstone-Green, or, The new Paradise lost"
0.0013816214945029102,47,34018,uc2.ark:/13960/t0tq5sd9m,1795,"Trenck, Friedrich,",The life and surprising adventures of Frederick Baron Trenck
0.0013283325519612438,17,12798,mdp.39015068355562,1756,<blank>,The devil upon crutches in England;
0.0013218534528955735,37,27991,njp.32101037021548,1777,"Pratt,",Liberal opinions
0.0013067909570065774,60,45914,nyp.33433074907530,1786,"Bellamy, George Anne,","An apology for the life of George Anne Bellamy, late of Covent-Garden theatre"
0.0012922579900773046,56,43335,njp.32101067498715,1797,"Sterne, Laurence,",The letters of the late Rev. Mr. Laurence Sterne
0.0012596044841919638,60,47634,mdp.39015063931714,1751,"Hill, John,",The adventures of Mr. George Edwards
0.0012387318329551726,101,81535,uc2.ark:/13960/t0tq5v85q,1797,"Arnould,",Systeme maritime et politique des Europe͡ens
0.0012354364350795311,72,58279,hvd.hn6dgn,1792,"Brooke, Henry,",The fool of quality;
0.0012072591323311784,31,25678,nyp.33433074948575,1799,<blank>,"Frederic Latimer; or, The history of a young man of fashion"
0.001112759643916914,33,29656,njp.32101037021563,1777,"Pratt,",Liberal opinions
0.0011094674556213018,42,37856,mdp.39015027523177,1760,<blank>,The Theatre of love
0.0011088864931464654,36,32465,mdp.39015078568303,1792,"Dibdin, Charles,",Hannah Hewit;
0.001099487952753432,35,31833,inu.39000003249773,1792,"Bage, Robert,",Man as he is
0.0010830253169587854,109,100644,mdp.39015063952736,1763,"Shebbeare, John,",Lydia;
0.0010710182462563044,55,51353,hvd.hn6dgq,1792,"Brooke, Henry,",The fool of quality;
0.0010543333099037042,30,28454,nyp.33433082297064,1799,"Salzmann, Christian Gotthilf,","Elements of morality, for the use of children;"
0.0010441568433489958,38,36393,mdp.39015064575254,1783,"Pratt,",Liberal opinions
0.001033646991730824,29,28056,nyp.33433082297098,1792,"Salzmann, Christian Gotthilf,","Elements of morality, for the use of children"
0.0010080403216128646,84,83330,nyp.33433074911367,1784,"Smollett, T.",The adventures of Peregrine Pickle
0.0010070493454179255,64,63552,mdp.39015024230586,1785,"Genlis, Stéphanie Félicité,",Tales of the castle;
0.0009940357852882703,19,19114,uc2.ark:/13960/t28912w8n,1798,"Gilpin, William,","Moral contrasts: or, the power of religion exemplified under different characters"
0.0009848760810026848,73,74121,yale.39002088372348,1795,"Radcliffe, Ann Ward,",A journey made in the summer of 1794
0.0009747493501670999,63,64632,njp.32101068989878,1798,"Genlis, Stéphanie Félicité,",Tales of the castle
0.0009534864439101235,23,24122,nyp.33433074930292,1771,"Bridges, Thomas,",The adventures of a bank-note
0.0009287925696594427,15,16150,njp.32101079873558,1798,"Pinchard, Elizabeth Sibthorpe.",The two cousins
0.0009274717121127806,25,26955,nyp.33433082297072,1799,"Salzmann, Christian Gotthilf,","Elements of morality, for the use of children;"
0.0009139321932615076,52,56897,nnc1.0315301370,1752,W. G.,The adventures of Capt. Greenland
0.0009127287226121336,190,208167,nyp.33433076093701,1796,"Smollett, T.","The miscellaneous works of Tobias Smollett, M. D"
0.0009024413413128146,57,63162,mdp.39015031099743,1767,"Brooke, Henry,",The fool of quality;
0.0009008806107970542,40,44401,nyp.33433074955463,1752,"Mozeen, Thomas,",Young Scarron
0.0008940358617001721,107,119682,nyp.33433074909932,1765,"Defoe, Daniel,","The life and adventures of the famous Moll Flanders, who was born in Newgate"
0.0008936792503926773,99,110778,nyp.33433074911730,1758,"Richwould,","The South sea fortune; or, The chaplain advanced to the saddle"
0.0008925560822738363,45,50417,uiuo.ark:/13960/t88g98j1p,1760,"Stevens, George Alexander,",The history of Tom Fool
0.000885523222083117,58,65498,uc2.ark:/13960/t6542w167,1785,"Genlis, Stéphanie Félicité,","Tales of the castle; or, Stories of instruction and delight"
0.0008823010411152286,25,28335,njp.32101037021589,1777,"Pratt,",Liberal opinions
0.0008756088217588792,16,18273,nyp.33433074948567,1799,<blank>,"Frederic Latimer; or, The history of a young man of fashion"
0.0008710428238922763,183,210093,nyp.33433076093685,1796,"Smollett, T.","The miscellaneous works of Tobias Smollett, M. D"
0.0008655332302936631,28,32350,nyp.33433074918768,1799,"Walker, George,",The vagabond
0.0008596340415080437,21,24429,njp.32101079239461,1777,"Pratt,",Liberal opinions
0.000855222968845449,14,16370,hvd.hn2hdr,1797,<blank>,The force of example;
0.0008473103328408794,39,46028,uiuo.ark:/13960/t93780z5m,1760,"Stevens, George Alexander,",The history of Tom Fool
0.0008422196563200435,62,73615,uc2.ark:/13960/t5t728t8q,1796,"Burney, Fanny,","Camilla: or, A picture of youth"
0.0008387169896860478,37,44115,uc2.ark:/13960/t8pc2z66x,1793,"Sterne, Laurence,",The works of Laurence Sterne
0.0008380900607049017,37,44148,uc2.ark:/13960/t9668b80z,1798,"Sterne, Laurence,",The works of Laurence Sterne
0.0008229939522414115,66,80195,nyp.33433074955414,1796,"Moore, John,",Edward
0.0008212019410227697,22,26790,nyp.33433082297106,1792,"Salzmann, Christian Gotthilf,","Elements of morality, for the use of children"
0.000819460673475272,54,65897,nyp.33433074913389,1784,<blank>,"The history of Julia Benson, in a series of letters"
0.0008166598611678236,56,68572,nnc1.0315301354,1752,W. G.,The adventures of Capt. Greenland
0.0008142634836001303,135,165794,nyp.33433076093669,1796,"Smollett, T.","The miscellaneous works of Tobias Smollett, M. D"
0.0008104353195430688,42,51824,nyp.33433074907522,1786,"Bellamy, George Anne,","An apology for the life of George Anne Bellamy, late of Covent-Garden theatre"
0.0008011772400261609,49,61160,mdp.39015013744084,1754,"Guthrie, William,",The friends
0.000787897888433659,30,38076,mdp.39015027178915,1796,"Walker, George,",Theodore Cyphon
0.0007852241302789253,46,58582,mdp.39015031385928,1774,"Graves, Richard,",The spiritual Quixote
0.000781414994720169,37,47350,nyp.33433082227772,1783,"Sterne, Laurence,",Works of Laurence Sterne
0.000780699582992174,41,52517,nyp.33433074911797,1793,"Pilkington,",Rosina
0.0007736943907156673,58,74965,mdp.39015078562363,1751,"Kimber, Edward,",The life and adventures of Joe Thompson
0.0007706139224248652,36,46716,mdp.39015033367650,1791,"Reeve, Clara,",The school for widows
0.0007461249638971791,31,41548,mdp.39015027179251,1796,"Walker, George,",Theodore Cyphon
0.0007434728873783409,77,103568,mdp.39015059901499,1789,<blank>,The Town talk
0.0007318985797682322,42,57385,mdp.39015063526910,1752,<blank>,The adventures of a valet
0.0007245759099820987,34,46924,nyp.33433074911649,1798,"Smith, Charlotte,",The young philosopher
0.000717323359122816,42,58551,njp.32101066479765,1791,"Combe, William,",The devil upon two sticks in England
0.0007089205840155288,42,59245,uc2.ark:/13960/t6ww78d6q,1783,"Graves, Richard,",The spiritual Quixote
0.0007068843640626886,41,58001,hvd.hn6dgp,1792,"Brooke, Henry,",The fool of quality;
0.0007045817662177852,71,100769,mdp.39015078548891,1773,"Chetwood, W. R.","The voyages and adventures of Captain Robert Boyle, in several parts of the world"
0.0007006938242769802,51,72785,njp.32101076058070,1793,"Fielding, Henry,",Amelia
0.0006924592958221622,39,56321,uc2.ark:/13960/t1kh0g314,1760,"Johnstone, Charles,",Chrysal
0.0006835842133898802,49,71681,njp.32101076058054,1793,"Fielding, Henry,",Amelia
0.0006788623695869659,19,27988,mdp.39015024479852,1793,"Moore, W.","A ramble through Holland, France, and Italy"
0.000675949709341625,10,14794,njp.32101037572912,1797,"Scott, Sarah,","The man of real sensibility: or, The history of Sir George Ellison"
0.0006687223687632352,54,80751,uc2.ark:/13960/t6sx65q8h,1796,"Moore, John,",Edward
0.0006662225183211193,28,42028,njp.32101037042528,1797,"Lewis, Alethea,",Disobedience
0.0006619524444958129,252,380692,nyp.33433074911375,1780,"Smollett, T.",The adventures of Roderick Random
0.0006611529009642853,53,80163,mdp.39015043586448,1775,"Kimber, Edward,",The life and adventures of Joe Thompson
0.0006602752027044872,25,37863,mdp.39015078568311,1792,"Dibdin, Charles,",Hannah Hewit;
0.0006581112207963146,2,3039,mdp.39015078556357,1794,"Defoe, Daniel,",The life and adventures of Robinson Crusoe
0.0006569721165872825,52,79151,mdp.39015063617024,1783,"Johnstone, Charles,","Chrysal; or, The adventures of a guinea"
0.000652954619653934,34,52071,nyp.33433075865596,1756,"Blas, Alfonso, de Liria,","The adventures of Don Blas of Santilane, the son of Gil Blas"
0.0006527633649114585,39,59746,yale.39002088372462,1795,"Radcliffe, Ann Ward,",A journey made in the summer of 1794
0.0006448109685739497,19,29466,hvd.hn2hdw,1798,"Pilkington,",Tales of the hermitage
0.000638611429507123,39,61070,nnc1.0035537477,1752,<blank>,"A genuine account of the life and transactions of Howell ap David Price, gentleman of Wales"
0.0006287462799178438,15,23857,nyp.33433082297114,1792,"Salzmann, Christian Gotthilf,","Elements of morality, for the use of children"
0.0006266973052015876,15,23935,nyp.33433082297080,1799,"Salzmann, Christian Gotthilf,","Elements of morality, for the use of children;"
0.0006266318537859008,12,19150,njp.32101037021597,1777,"Pratt,",Liberal opinions
0.0006261048909840896,17,27152,nyp.33433067307516,1786,<blank>,"Tales, romances, apologues, anecedotes and novels"
0.00062211734420251,29,46615,nyp.33433074911623,1798,"Smith, Charlotte,",The young philosopher
0.000619214217158426,20,32299,nnc1.0113413384,1797,<blank>,Memoirs of Mrs. Margaret Leeson
0.0006188618323691645,23,37165,njp.32101036893236,1780,"Mackenzie, Henry,",The man of feeling
0.0006149259293766887,33,53665,nyp.33433074913611,1774,"Graves, Richard,","The spiritual Quixote: or, The summer's ramble of Mr. Geoffry Wildgoose;"
0.0006141374439599583,40,65132,njp.32101066479773,1791,"Combe, William,",The devil upon two sticks in England
0.0006048691970361409,12,19839,njp.32101037042973,1762,<blank>,A history of the matrimonial adventure of a banker's clerk
0.0005985525910072008,33,55133,uc2.ark:/13960/t45q4sz1r,1755,"Haywood, Eliza Fowler,",The invisible spy
0.0005899124963130469,6,10171,hvd.hn2hdk,1797,"Lovechild,",The infant's friend
0.0005895164327705635,36,61067,hvd.hn6dgl,1792,"Brooke, Henry,",The fool of quality;
0.0005863383172090296,2,3411,njp.32101037605613,1754,"King, William,",A translation of the Latin epistle in the Dreamer
0.0005857649665310904,124,211689,nyp.33433076093693,1796,"Smollett, T.","The miscellaneous works of Tobias Smollett, M. D"
0.000584966364434045,48,82056,dul1.ark:/13960/t3vt2js1t,1786,"Bennett,","Anna; or, Memoirs of a Welch heiress"
0.0005848536618822561,469,801910,mdp.39015023070538,1797,"Hall, William Henry,",The new encyclopaedia;
0.0005830655024318098,41,70318,mdp.39015031385944,1774,"Graves, Richard,",The spiritual Quixote
0.0005821738371077603,10,17177,njp.32101068162393,1787,"Nicholson,",The village of Martindale
0.0005821088071489254,37,63562,hvd.hn65ju,1788,"Fielding, Henry,",The history of the adventures of Joseph Andrews and his friend Mr. Abraham Adams
0.0005799921420419465,31,53449,nyp.33433074913595,1755,"Haywood, Eliza Fowler,",The invisible spy
0.0005797685967079227,69,119013,hvd.hn6ens,1771,"Fielding, Henry,","The works of Henry Fielding, esq;"
0.0005700734254571989,25,43854,njp.32101067498707,1797,"Sterne, Laurence,",The letters of the late Rev. Mr. Laurence Sterne
0.0005689590470541238,47,82607,mdp.39015063617016,1783,"Johnstone, Charles,","Chrysal; or, The adventures of a guinea"
0.0005687149884835215,20,35167,mdp.39015024477674,1792,"Gunning,",Anecdotes of the Delborough family
0.0005684779004216211,12,21109,uiuo.ark:/13960/t4dn4qn2v,1769,<blank>,The Hermit
0.0005645972948425265,46,81474,nyp.33433074911359,1784,"Smollett, T.",The adventures of Peregrine Pickle
0.0005558489202634724,20,35981,nyp.33433074918776,1799,"Walker, George,",The vagabond
0.0005549909061731037,83,149552,dul1.ark:/13960/t7tm84f1c,1788,"Berquin,",The children's friend
0.0005541249714788618,17,30679,uc2.ark:/13960/t90864w4j,1798,"Sterne, Laurence,",The works of Laurence Sterne
0.0005507975764906635,51,92593,njp.32101067567857,1792,"Fielding, Henry,",The history of Tom Jones
0.000550357732526142,34,61778,nyp.33433074909999,1775,"Brooke, Frances,",The history of Lady Julia Mandeville
0.0005472704884389109,28,51163,mdp.39015031385936,1774,"Graves, Richard,",The spiritual Quixote
0.0005470348684077233,27,49357,nyp.33433074916374,1751,"Coventry, Francis,","The history of Pompey the Little, or, The life and adventures of a lap-dog"
0.0005436786421782141,87,160021,nyp.33433076093651,1796,"Smollett, T.","The miscellaneous works of Tobias Smollett, M. D"
0.0005360031394469596,56,104477,hvd.hn6enz,1771,"Fielding, Henry,","The works of Henry Fielding, esq;"
0.0005352016737215978,33,61659,nyp.33433074913520,1786,"Burney, Fanny,","Cecilia, or, Memoirs of an heiress"
0.0005349062468375475,37,69171,nyp.33433074913603,1774,"Graves, Richard,","The spiritual Quixote: or, The summer's ramble of Mr. Geoffry Wildgoose;"
0.0005345036149323431,19,35547,nyp.33433082256656,1797,<blank>,The Selector
0.0005333712619564058,30,56246,hvd.hn6dfp,1761,"Coventry, Francis,",The history of Pompey the Little
0.0005324016304799934,32,60105,mdp.39015031099719,1767,"Brooke, Henry,",The fool of quality;
0.0005297211396571947,14,26429,nyp.33433074955125,1794,"Gunning,",The packet
0.0005281561885335471,29,54908,mdp.39015036835745,1782,"Kimber, Edward,",The history of the life and adventures of Mr. Anderson
0.0005245557668349616,24,45753,nyp.33433074913736,1755,"Haywood, Eliza Fowler,",The invisible spy
0.000523327730026325,33,63058,ucm.5320262243,1754,"Hallifax, Charles.",Familiar letters on various subjects of business and amusement
0.0005211801835712424,18,34537,mdp.39015024477617,1792,"Gunning,",Anecdotes of the Delborough family
0.0005153470346931624,25,48511,nyp.33433074911805,1793,"Pilkington,",Rosina
0.0005114376046122373,44,86032,mdp.39015078562355,1751,"Kimber, Edward,",The life and adventures of Joe Thompson
0.0005078720162519045,6,11814,mdp.39015078565374,1790,"Swift, Jonathan,",The adventures of Captain Gulliver
0.0005073566717402334,26,51246,nyp.33433074913587,1755,"Haywood, Eliza Fowler,",The invisible spy
0.0005002824174937465,31,61965,mdp.39015013744076,1754,"Guthrie, William,",The friends
0.0004990459415822692,34,68130,njp.32101076058062,1793,"Fielding, Henry,",Amelia
0.0004969904467391905,18,36218,nyp.33433074916457,1789,"Bennett,",Agnes de-Courci
0.0004961240310077519,32,64500,nyp.33433074913512,1786,"Burney, Fanny,","Cecilia, or, Memoirs of an heiress"
0.0004928883255879454,14,28404,uc2.ark:/13960/t8sb41w5k,1777,"Sterne, Laurence,","The life and opinions of Tristram Shandy, gentleman"
0.0004917080148406419,66,134226,hvd.hn6ent,1771,"Fielding, Henry,","The works of Henry Fielding, esq;"
0.000490897061020639,23,46853,njp.32101068989886,1798,"Genlis, Stéphanie Félicité,",Tales of the castle
0.0004776689754000478,14,29309,mdp.39015078549683,1789,"Defoe, Daniel,","The most surprising adventures, and wonderful life of Robinson Crusoe, of York, mariner"
0.0004774789113480821,39,81679,nyp.33433076093644,1791,"Shenstone, William,","The works in verse and prose, of William Shenstone"
0.00047262830228654313,29,61359,nyp.33433082227533,1794,"Sterne, Laurence,",The works of Laurence Sterne
0.0004719591185756599,29,61446,mdp.39015063616992,1783,"Johnstone, Charles,","Chrysal; or, The adventures of a guinea"
0.00046405147877737906,15,32324,mdp.39015063931458,1794,"Gunning,",Memoirs of Mary
0.0004637241263015893,11,23721,hvd.hxjnt6,1769,"Paterson, Samuel,",Another traveller! or Cursory remarks and critical observations made upon a journey through part of the Netherlands in 1766
0.0004627606242126642,18,38897,nyp.33433074947445,1780,"Croft, Herbert,",Love and madness;
0.0004622650989850266,23,49755,uc2.ark:/13960/t0ht2hd6z,1772,"Smollett, T.",The expedition of Humphry Clinker
0.0004605837292737322,19,41252,inu.39000003249765,1792,"Bage, Robert,",Man as he is
0.00045593744538249354,60,131597,nyp.33433074913660,1775,"Fielding, Henry,","The history of Tom Jones, a foundling"
0.0004556602382835011,34,74617,njp.32101066479781,1791,"Combe, William,",The devil upon two sticks in England
0.0004548183455527862,25,54967,hvd.hn6en4,1771,"Fielding, Henry,","The works of Henry Fielding, esq;"
0.0004547728409659375,20,43978,hvd.hn37v1,1792,"Thomson, James,","The denial, or The happy retreat;"
0.00045277679518924654,64,141350,njp.32101037605480,1755,"Kidgell, John,",The card
0.0004478280340349306,3,6699,hvd.hn6d2a,1796,<blank>,"Preceptive, moral, and sentimental pieces"
0.00044675180626376843,29,64913,hvd.hn2ghi,1799,Lady.,Memoirs of the Danby family
0.000445990545000446,35,78477,njp.32101067567840,1792,"Fielding, Henry,",The history of Tom Jones
0.0004432427640618767,10,22561,mdp.39015063614260,1761,"Ferguson, Adam,","The history of the proceedings in the case of Margaret, commonly called Peg, only lawful sister to John Bull, esq"
0.0004408782294330306,35,79387,uc2.ark:/13960/t3tt4h68m,1793,"Goldsmith, Oliver,",The vicar of Wakefield
0.0004386215839960333,23,52437,hvd.hwkd6j,1761,"Lennox, Charlotte,",Henrietta
0.0004372613982274096,26,59461,hvd.hn6dgm,1792,"Brooke, Henry,",The fool of quality;
0.00043468313886982384,38,87420,mdp.39015043586422,1775,"Kimber, Edward,",The life and adventures of Joe Thompson
0.00043463563046312843,9,20707,njp.32101037021035,1766,"Pennington, Sarah,",Letters on different subjects
0.0004340523504878371,23,52989,nnc1.1002351560,1761,"Morell, Charles,","The history of James Lovegrove, esq"
0.0004298417645004433,16,37223,uc2.ark:/13960/t40r9nf6g,1783,"Mackenzie, Henry,",The man of feeling
0.00042705639516951764,18,42149,hvd.hn25zc,1784,<blank>,"Fabulæ Æsopi selectæ, or, Select fables of Æsop"
0.0004251813664266164,16,37631,mdp.39015063937836,1783,"Mackenzie, Henry,",The man of feeling
0.00042184307879189443,191,452775,mdp.39015078576397,1781,<blank>,"The novelist's magazine, v.4, 9, 21"
0.00042129537240293577,19,45099,nyp.33433074911466,1791,"Smith, Charlotte,",Celestina
0.0004206815040365392,42,99838,nyp.33433074955422,1796,"Moore, John,",Edward
0.0004201680672268908,23,54740,njp.32101037021068,1796,"Peacock, Lucy,",Visit for a week;
0.00041506361648121836,26,62641,hvd.hwkd6i,1761,"Lennox, Charlotte,",Henrietta
0.00041005354816923154,17,41458,mdp.39015033367668,1791,"Reeve, Clara,",The school for widows
0.0004059308635645003,114,280836,nyp.33433066603469,1786,<blank>,"The New novelist's magazine, or Entertaining library of pleasing and instructive histories, adventures, tales, romances, and other agreeable and exemplary little novels"
0.00040514729998263657,21,51833,nyp.33433074911474,1791,"Smith, Charlotte,",Celestina
0.0004043262913170929,8,19786,njp.32101068162385,1787,"Nicholson,",The village of Martindale
0.0004036765619177742,26,64408,mdp.39015013741437,1780,"Croft, Herbert,",Love and madness
0.0004036326942482341,16,39640,mdp.39015063931466,1794,"Gunning,",Memoirs of Mary
0.00039929578742944265,22,55097,nyp.33433074913629,1751,"Haywood, Eliza Fowler,",The history of Miss Betsy Thoughtless
0.00039851354447909297,40,100373,uc2.ark:/13960/t5n874c1j,1796,"Moore, John,",Edward
0.0003973674407053272,16,40265,mdp.39015063931490,1794,"Gunning,",Memoirs of Mary
0.0003969922002708888,17,42822,nyp.33433082227541,1794,"Sterne, Laurence,",The works of Laurence Sterne
0.0003964976044936395,24,60530,ucm.5320262557,1767,"Kelly, Hugh,",Memoirs of a Magdalen or The history of Louisa Mildway
0.00039097408400357465,28,71616,hvd.hn2ghv,1788,"Berquin,",The children's friend
0.0003884249368809478,18,46341,uc2.ark:/13960/t8w95440h,1797,Addison.,"Interesting anecdotes, memoirs, allegories, essays, and poetical fragments;"
0.0003825262030449086,20,52284,mdp.39015078572263,1788,"Campe, Joachim Heinrich,",The new Robinson Crusoe;
0.00038225988792465413,47,122953,mdp.39015078549758,1785,"Defoe, Daniel,","The whole life and strange surprising adventures of Robinson Crusoe, of York, mariner"
0.00038182512409316535,7,18333,njp.32101037080155,1766,"Gunning,",The picture
0.00038012335002708377,40,105229,hvd.hn4qk8,1786,"Cervantes Saavedra, Miguel de,",The history and adventures of the renowned Don Quixote
0.00037892566994058446,25,65976,njp.32101037020995,1799,"Gunning,",The gipsy countess
0.00037841821187436516,19,50209,nyp.33433074907514,1786,"Bellamy, George Anne,","An apology for the life of George Anne Bellamy, late of Covent-Garden theatre"
0.0003768794382512794,19,50414,nyp.33433075896385,1796,"Hamilton, Elizabeth,",Translation of the letters of a Hindoo rajah
0.0003766369220071851,26,69032,pst.000005422531,1778,"Le Sage, Alain René,",The adventures of Gil Blas of Santillane
0.00037281553398058254,24,64375,nnc1.1002347725,1766,<blank>,The history of Sir Charles Beaufort
0.0003711401425178147,10,26944,mdp.39015009232102,1796,"Wollstonecraft, Mary,",Original stories from real life;
0.000370919881305638,5,13480,nyp.33433082412309,1793,"Strathmore, Mary Eleanor Bowes,",The confessions of the Countess of Strathmore;
0.00036337986020563024,17,46783,mdp.39015024230594,1785,"Genlis, Stéphanie Félicité,",Tales of the castle;
0.0003625300331252932,51,140678,dul1.ark:/13960/t6058g653,1788,"Berquin,",The children's friend
0.00036032326144026355,7,19427,njp.32101037080130,1766,"Gunning,",The picture
0.0003585865171469553,22,61352,nyp.33433082227525,1783,"Sterne, Laurence,",The works of Laurence Sterne
0.00035857073704214997,20,55777,uc2.ark:/13960/t8ff3nm31,1755,"Haywood, Eliza Fowler,",The invisible spy
0.0003557908519056158,25,70266,uc1.b3366266,1797,"Le Sage, Alain René,",The adventures of Gil Blas of Santillane
0.00035234986268718586,34,96495,mdp.39015065444195,1763,"Shebbeare, John,",Lydia;
0.00035011707039541345,16,45699,dul1.ark:/13960/t15m6t508,1794,"Naubert, Benedikte,",Herman of Unna
0.00034965034965034965,8,22880,dul1.ark:/13960/t6h13j73s,1777,"Brooke, Frances,",The history of Emily Montague
0.00034925069850139703,11,31496,njp.32101072916156,1774,"Camus, Jean-Pierre,",The triumphs of love
0.0003461861822258123,42,121322,hvd.hn6enr,1771,"Fielding, Henry,","The works of Henry Fielding, esq;"
0.0003436278510373266,16,46562,uc2.ark:/13960/t20c53p5n,1785,"Genlis, Stéphanie Félicité,","Tales of the castle; or, Stories of instruction and delight"
0.0003435098114989909,8,23289,hvd.hxjnt5,1769,"Paterson, Samuel,",Another traveller! or Cursory remarks and critical observations made upon a journey through part of the Netherlands in 1766
0.00034343607795998967,20,58235,njp.32101071963076,1797,"Le Sage, Alain René,","The history of Vanillo Gonzalez, surnamed the merry batchelor"
0.00033982782057091076,15,44140,njp.32101037602313,1780,<blank>,The relapse;
0.0003397720129792909,20,58863,mdp.39015063616984,1767,"Johnstone, Charles,",The reverie;
0.00033909081275829183,16,47185,nyp.33433074911755,1799,"Robinson, Mary Darby,",The false friend
0.000336870473303015,6,17811,dul1.ark:/13960/t7gq7n502,1783,"Thomson, William,",The Man in the moon;
0.00033445302389157905,23,68769,nyp.33433075821912,1797,"Le Sage, Alain René,",The adventures of Gil Blas of Santillane
0.0003289714160391842,9,27358,uc2.ark:/13960/t72v2gt65,1782,"Scott, Helenus,",The adventures of a rupee
0.0003280122457905095,9,27438,nyp.33433074955133,1794,"Gunning,",The packet
0.00032727272727272726,18,55000,mdp.39015023932224,1768,"Haywood, Eliza Fowler,",The history of Miss Betsy Thoughtless
0.00032639206214504866,10,30638,njp.32101037021290,1783,"Pratt,",Emma Corbett
0.0003256227535160995,26,79847,njp.32101071963472,1790,"Rousseau, Jean-Jacques,","The confessions of J.J. Rousseau, citizen of Geneva"
0.00032517681489309814,8,24602,dul1.ark:/13960/t15m6qx0w,1777,"Brooke, Frances,",The history of Emily Montague
0.00032514416318411767,170,522845,mdp.39015078576124,1781,<blank>,"The novelist's magazine, v.4, 9, 21"
0.00032421598679556707,11,33928,mdp.39015027178923,1796,"Walker, George,",Theodore Cyphon
0.0003206085733647141,44,137239,uva.x000826970,1786,"Smollett, T.",The adventures of Peregrine Pickle
0.00032056624822085733,25,77987,uc2.ark:/13960/t50g3jc0p,1762,"Scott, Sarah,","A description of Millenium Hall, and the country adjacent"
0.0003204101249599487,34,106114,ucm.5327110513,1774,"Richardson, Samuel,","Clarissa or, The history of a young lady"
0.00031962497336458556,15,46930,mdp.39015021279412,1779,"Devonshire, Georgiana Spencer Cavendish,",The sylph;
0.0003194888178913738,20,62600,nnc1.0026505266,1770,"Sheridan, Frances Chamberlaine,",Memoirs of Miss Sidney Bidulph
0.00031912392085726765,19,59538,dul1.ark:/13960/t6543fx9b,1763,"Johnstone, Charles,","The reverie, or A flight to the paradise of fools"
0.00031710797526557794,12,37842,nyp.33433074916440,1789,"Bennett,",Agnes de-Courci
0.0003167098372337658,28,88409,njp.32101071963480,1790,"Rousseau, Jean-Jacques,","The confessions of J.J. Rousseau, citizen of Geneva"
0.0003151024082826919,7,22215,uiuo.ark:/13960/t17m0vk3v,1769,<blank>,The Hermit
0.00031268039253415435,13,41576,mdp.39015063931474,1794,"Gunning,",Memoirs of Mary
0.0003124349093938763,18,57612,mdp.39015063616976,1767,"Johnstone, Charles,",The reverie;
0.0003119076753281029,39,125037,dul1.ark:/13960/t3jw95z4h,1798,"Rowson,",Reuben and Rachel;
0.0003110461971221465,23,73944,nyp.33433074907738,1784,"Burney, Fanny,",Evelina ;
0.00031061929722384004,16,51510,mdp.39015078562306,1755,"Morris, Drake, pseud.","The travels of Mr. Drake Morris, merchant in London"
0.00031020844283978597,36,116051,hvd.hn4q7d,1771,"Cervantes Saavedra, Miguel de,",The history of the renowned Don Quixote de la Mancha
0.0003073967339097022,8,26025,uc2.ark:/13960/t1mg7h137,1791,<blank>,"The wonder working water-mill displayed with its apparatus, appurtenances, appendages, and operations, or, The mill to grind old people young"
0.0003070421008904221,17,55367,njp.32101068155207,1771,"Lawrence, H.",The life and adventures of common sense
0.0003070092575099188,13,42344,uc2.ark:/13960/t1td9pb8p,1798,"Sterne, Laurence,",The works of Laurence Sterne
0.0003044871794871795,19,62400,uc2.ark:/13960/t9668b76d,1797,"Le Sage, Alain René,",The history of Vanillo Gonzales
0.0003039282729275891,8,26322,hvd.hn2u4x,1790,"Keate, George,",Sketches from nature;
0.00030380930123860713,13,42790,uc2.ark:/13960/t7gq6sk92,1798,"Sterne, Laurence,",The works of Laurence Sterne
0.0003034263840911213,52,171376,nyp.33433076093677,1796,"Smollett, T.","The miscellaneous works of Tobias Smollett, M. D"
0.0003027496794415159,17,56152,mdp.39015023932216,1768,"Haywood, Eliza Fowler,",The history of Miss Betsy Thoughtless
0.00030237532617338427,27,89293,dul1.ark:/13960/t0ms4mx49,1786,"Bennett,","Anna; or, Memoirs of a Welch heiress"
0.0002994787451031178,37,123548,mdp.39015078548990,1790,"Defoe, Daniel,","The life and adventures of Robinson Crusoe, of York, mariner"
0.00029762790559242837,10,33599,mdp.39015021279255,1779,"Devonshire, Georgiana Spencer Cavendish,",The sylph;
0.00029753981552531436,19,63857,njp.32101037042502,1786,Lady.,"Elfrida, or Paternal ambition"
0.0002972033167890154,10,33647,mdp.39015024477625,1792,"Gunning,",Anecdotes of the Delborough family
0.00029708050881788964,11,37027,nyp.33433074916465,1789,"Bennett,",Agnes de-Courci
0.0002966866040064559,25,84264,mdp.39015078572313,1789,"Campe, Joachim Heinrich,",The new Robinson Crusoe;
0.0002949272512780181,18,61032,mdp.39015063617008,1783,"Johnstone, Charles,","Chrysal; or, The adventures of a guinea"
0.000294719003849767,16,54289,nyp.33433074955257,1784,"Pratt,",The tutor of truth
0.00029399187513363267,11,37416,mdp.39015033367643,1791,"Reeve, Clara,",The school for widows
0.00029214139643587495,16,54768,nyp.33433074913744,1755,"Haywood, Eliza Fowler,",The invisible spy
0.00029173656188461817,4,13711,nyp.33433082293899,1792,"Belknap, Jeremy,",The foresters
0.00029110540662132477,22,75574,nyp.33433074911334,1784,"Smollett, T.",The adventures of Peregrine Pickle
0.00029084986330056426,10,34382,mdp.39015063931482,1794,"Gunning,",Memoirs of Mary
0.00029015685538240967,34,117178,dul1.ark:/13960/t9d51cj57,1752,"Haywood, Eliza Fowler,",The history of Miss Betsy Thoughtless
0.000289738430583501,18,62125,nyp.33433082227574,1794,"Sterne, Laurence,",The works of Laurence Sterne
0.00028919007499662614,15,51869,mdp.39015055354651,1759,"Le Sage, Alain René,",The devil upon crutches
0.00028808676495509233,17,59010,mdp.39015063526902,1752,<blank>,The adventures of a valet
0.0002877315685797127,26,90362,mdp.39015078549188,1798,"Defoe, Daniel,","The life and most surprising adventures of Robinson Crusoe, of York, mariner, who lived eight and twenty years in an uninhabited island on the coast of America, near the mouth of the great river Oroonoque"
0.0002863999525958699,29,101257,mdp.39015078572255,1781,"Campe, Joachim Heinrich,",Robinson the younger
0.0002861980967826564,12,41929,njp.32101037042544,1797,"Lewis, Alethea,",Disobedience
0.0002856521029435769,21,73516,mdp.39015013161057,1753,"Hill, Aaron,",Works
0.0002854899721647277,4,14011,mdp.39015030208071,1784,<blank>,Letters from a peeress of England to her eldest son
0.00028359944414508946,10,35261,nyp.33433074955232,1795,"Pye, Henry James,",The democrat;
0.00028344001700640104,12,42337,nyp.33433067304000,1799,"West,",A tale of the times
0.0002831010452961673,13,45920,nyp.33433074911763,1799,"Robinson, Mary Darby,",The false friend
0.00028220920001992066,17,60239,njp.32101037042494,1786,Lady.,"Elfrida, or Paternal ambition"
0.0002814434924010257,9,31978,njp.32101037606348,1796,"Whitmore, H.",Modern Gulliver's travels
0.0002788905227929618,22,78884,nyp.33433068198260,1752,"Aulnoy,",The court of Queen Mab
0.00027867659581056186,18,64591,mdp.39015078549295,1793,"Defoe, Daniel,",The life and adventures of Robinson Crusoe
0.0002778549597110308,34,122366,mdp.39015078549667,1790,"Defoe, Daniel,","The life and adventures of Robinson Crusoe, of York, mariner"
0.0002757213559976288,20,72537,dul1.ark:/13960/t4mk7258x,1762,"Scott, Sarah,","A description of Millenium Hall, and the country adjacent"
0.00027566318200131473,13,47159,mdp.39015078565317,1765,"Swift, Jonathan,",... Capt. Lemuel Gulliver's travels into several remote nations of the world
0.000275476673028866,14,50821,nnc1.1002351617,1761,"Morell, Charles,","The history of James Lovegrove, esq"
0.000275129654849848,20,72693,nyp.33433074913553,1786,"Burney, Fanny,","Cecilia, or, Memoirs of an heiress"
0.0002747479187845152,20,72794,mdp.39015078575647,1782,"Johnson, R.",The Lilliputian library
0.00027430004506357884,14,51039,nyp.33433074911789,1793,"Pilkington,",Rosina
0.0002742397464805899,18,65636,nyp.33433074911656,1798,"Smith, Charlotte,",The young philosopher
0.0002729108673107363,20,73284,mdp.39015021250124,1794,"Bennett,","Ellen, Countess of Castle Howel"
0.00027273069254786893,29,106332,hvd.hn4rce,1770,"Cervantes Saavedra, Miguel de,",The history and adventures of the renowned Don Quixote
0.00027177605652941976,12,44154,nyp.33433074911292,1798,"Sterne, Laurence,",A sentimental journey through France and Italy
0.00026932729387280405,22,81685,uc2.ark:/13960/t5t728v3r,1763,"Smollett, T.",The adventures of Peregrine Pickle
0.0002691495714634167,32,118893,mdp.39015078549337,1790,"Defoe, Daniel,","The life and strange surprizing adventures of Robinson Crusoe, of York, mariner"
0.000269094497017536,24,89188,nnc1.0113254375,1771,<blank>,"The British moralist, or, Young gentleman and lady's polite preceptor"
0.0002679205347693874,20,74649,mdp.39015078562108,1751,"Paltock, Robert,","The life and adventures of Peter Wilkins, a Cornish man"
0.00026791737815408157,83,309797,nyp.33433066603477,1786,<blank>,"The New novelist's magazine, or Entertaining library of pleasing and instructive histories, adventures, tales, romances, and other agreeable and exemplary little novels"
0.00026653199786774403,19,71286,nyp.33433074913538,1786,"Burney, Fanny,","Cecilia, or, Memoirs of an heiress"
0.0002660470725953779,15,56381,mdp.39015055354644,1759,"Le Sage, Alain René,",The devil upon crutches
0.0002655689815429558,14,52717,mdp.39015078572271,1788,"Campe, Joachim Heinrich,",The new Robinson Crusoe;
0.00026420297393472535,32,121119,mdp.39015078549246,1791,"Defoe, Daniel,","The life and strange surprising adventures of Robinson Crusoe, of York, mariner"
0.00026236963508756585,12,45737,nyp.33433074911748,1799,"Robinson, Mary Darby,",The false friend
0.0002623055517540258,23,87684,njp.32101067567865,1792,"Fielding, Henry,",The history of Tom Jones
0.0002613422538155969,20,76528,mdp.39015078549311,1793,"Defoe, Daniel,",The life and adventures of Robinson Crusoe
0.000260953524177344,20,76642,mdp.39015078549204,1799,"Defoe, Daniel,",The life and adventures of Robinson Crusoe
0.00026088495905037874,28,107327,hvd.32044054765649,1798,"Murray, Judith Sargent,",The gleaner
0.00026061801217954844,30,115111,nyp.33433074913652,1775,"Fielding, Henry,","The history of Tom Jones, a foundling"
0.0002599428125812321,15,57705,nyp.33433074913637,1751,"Haywood, Eliza Fowler,",The history of Miss Betsy Thoughtless
0.00025960219054800787,21,80893,nyp.33433074911342,1784,"Smollett, T.",The adventures of Peregrine Pickle
0.00025850926324859976,6,23210,uc2.ark:/13960/t0ks6n638,1774,"Veal, George,",Musical travels through England
0.00025675824377361257,7,27263,uc2.ark:/13960/t0ks6kg9x,1779,"Keate, George,",Sketches from nature
0.00025617607092735735,23,89782,mdp.39015078549626,1767,"Defoe, Daniel,",The life and strange and surprising adventures of Robinson Crusoe
0.0002551719575469469,27,105811,mdp.39015078549402,1755,"Defoe, Daniel,","The life and strange surprising adventures of Robinson Crusoe; of York, mariner: who lived eight-and-twenty years all alone in an uninhabited island on the coast of America, near the mouth of the great river Oroonoque: having been cast on shore by shipwreck, wherein all the men perished but himself"
0.00025318592286268884,6,23698,nyp.33433074907712,1794,"Jephson, Robert,",The confessions of James Baptiste Couteau
0.0002531004808909137,12,47412,nyp.33433074911508,1788,"Smith, Charlotte,",Emmeline
0.0002517544135695629,24,95331,njp.32101067567832,1792,"Fielding, Henry,",The history of Tom Jones
0.0002512720648281927,4,15919,hvd.hn6ng3,1787,<blank>,Authentic adventures of the celebrated countess de la Motte
0.00025020016012810247,25,99920,nyp.33433074913678,1775,"Fielding, Henry,","The history of Tom Jones, a foundling"
0.000249708673214583,9,36042,mdp.39015078549790,1780,"Defoe, Daniel,","The wonderful life and most surprizing adventures of Robinson Crusoe ... Faithfully abridged from the three volumes, and adorned with an entire new set of cuts ... from drawings done ... for this edition"
0.0002496021964993292,16,64102,mdp.39015013469856,1798,"Quevedo, Francisco de,",The works of don Francisco de Quevedo
0.0002486987724939158,14,56293,nyp.33433067315790,1761,"Voltaire,",Works
0.00024846263743089634,8,32198,mdp.39015078546549,1771,"Dubois-Fontanelle, Jean Gaspard,","The shipwreck and adventures of Monsieur Pierre Viaud, a native of Bourdeaux, and captain of a ship"
0.00024751841451652826,29,117163,mdp.39015078549386,1761,"Defoe, Daniel,","The life and strange surprising adventures of Robinson Crusoe; of York, mariner: who lived eight-and-twenty years all alone in an uninhabited island on the coast of America, near the mouth of the great river Oroonoque; having been cast on shore by shipwreck, wherein all the men perished but himself"
0.0002472799208704253,5,20220,mdp.39015078572339,1799,"Campe, Joachim Heinrich,","The new Robinson Crusoe, designed for the amusement and instruction of the youth of both sexes"
0.0002472432378974435,20,80892,nyp.33433074910302,1789,"Moore, John,",Zeluco
0.0002467781738415136,27,109410,nyp.33433082193586,1781,"Lucian,",The works of Lucian
0.00024518417417883733,30,122357,mdp.39015078549527,1778,"Defoe, Daniel,",The life and strange surprising adventures of Robinson Crusoe;
0.0002450199691274839,10,40813,uc2.ark:/13960/t7tm73h7c,1773,"Mackenzie, Henry,",The man of the world
0.00024269283528542787,23,94770,njp.32101068156387,1770,"Jenner, Charles,","Placid man, &c"
0.00024006847170323362,23,95806,nyp.33433074919766,1789,"Defoe, Daniel,","The life and most surprising adventures of Robinson Crusoe, of fork, mariner, who lived twenty-eight years in an uninhabited island on the coast of America, near the mouth of the great river Oronoque"
0.00023865955625781816,29,121512,mdp.39015078549642,1766,"Defoe, Daniel,",The life and strange surprising adventures of Robinson Crusoe;
0.00023861602704314974,12,50290,mdp.39015063912136,1789,"Hayley, William,",The young widow;
0.00023860653781913624,23,96393,hvd.hn4q7b,1771,"Cervantes Saavedra, Miguel de,",The history of the renowned Don Quixote de la Mancha
0.00023629489603024575,7,29624,mdp.39015063944451,1768,"Mulso, Thomas.",Callistus;
0.00023576961940047154,14,59380,nyp.33433074907563,1787,"Keir,",The history of Miss Greville
0.00023569618761416533,8,33942,ucm.5324328550,1768,"Byron, John,",The narrative of the Honourable John Byron (Commodore in a late expedition round the world)
0.00023535872592476365,18,76479,mdp.39015078563270,1784,"Paltock, Robert,","The life and adventures of Peter Wilkins, a Cornish man"
0.0002329092085400043,27,115925,dul1.ark:/13960/t7sn0xk3n,1752,"Haywood, Eliza Fowler,",The history of Miss Betsy Thoughtless
0.0002325108262853489,24,103221,mdp.39015078564245,1751,"Swift, Jonathan,",Travels into several remote nations of the world
0.00023232041631818603,15,64566,nnc1.0037104152,1798,"Cumberland, Richard,",Henry
0.0002288427707138464,16,69917,mdp.39015078562140,1770,"Morris, Ralph.","The life and astonishing adventures of John Daniel, a smith at Royston in Hertfordshire, for a course of seventy years"
0.00022848577904511223,25,109416,hvd.hn4q7m,1793,"Cervantes Saavedra, Miguel de,",The history and adventures of the renowned Don Quixote
0.00022814307830196367,14,61365,njp.32101071963068,1797,"Le Sage, Alain René,","The history of Vanillo Gonzalez, surnamed the merry batchelor"
0.00022749677712899068,9,39561,mdp.39015030679321,1799,"Meeke, Mary,",Ellesmere
0.00022735310463295106,9,39586,hvd.hn6nef,1798,"Leprince de Beaumont,",Letters of Madame Du Montier
0.00022681951781950837,24,105811,mdp.39015078549006,1790,"Defoe, Daniel,","The life and adventures of Robinson Crusoe, of York, mariner"
0.0002248917708352855,24,106718,mdp.39015078549584,1773,"Defoe, Daniel,",The life and most surprising adventures of Robinson Crusoe
0.00022485531049585484,23,102288,mdp.39015078549550,1777,"Defoe, Daniel,",The life and most surprising adventures of Robinson Crusoe
0.00022475989591887896,26,115679,ucm.5326666994,1774,"Richardson, Samuel,","Clarissa or, The history of a young lady"
0.00022442910845536665,4,17823,njp.32101037572763,1797,"Pilkington,","Edward Barnard, or, Merit exalted"
0.00022439973072032313,27,120321,nyp.33433074919683,1790,"Defoe, Daniel,","The life and strange surprizing adventures of Robinson Crusoe, of York, Mariner"
0.0002239808869643124,15,66970,nyp.33433074909957,1795,"Cumberland, Richard,",Henry;
0.00022389521703842602,24,107193,mdp.39015078549576,1775,"Defoe, Daniel,",The life and most surprising adventures of Robinson Crusoe
0.00022056275010240415,7,31737,nyp.33433074913355,1791,"Inchbald,",A simple story
0.00022008656738317073,9,40893,uc2.ark:/13960/t42r3s70w,1792,"Sterne, Laurence,",A sentimental journey through France and Italy
0.0002199401086165767,13,59107,nyp.33433074913645,1751,"Haywood, Eliza Fowler,",The history of Miss Betsy Thoughtless
0.0002188662727073758,6,27414,nyp.33433074907720,1794,"Jephson, Robert,",The confessions of James Baptiste Couteau
0.0002186941631923764,47,214912,nyp.33433003254277,1755,"Cervantes Saavedra, Miguel de,",The history and adventures of the renowned Don Quixote
0.00021867299136241685,26,118899,nyp.33433082401450,1772,"Isla, José Francisco de,","The history of the famous preacher, Friar Gerund de Campazas"
0.00021818578519609448,12,54999,dul1.ark:/13960/t4hm5zs2h,1753,"Haywood, Eliza Fowler,",The history of Jemmy and Jenny Jessamy
0.00021688191842688314,51,235151,mdp.39015078549238,1791,"Defoe, Daniel,",The life and adventures of Robinson Crusoe
0.0002155375641561031,16,74233,nnc1.1002347679,1766,<blank>,The history of Sir Charles Beaufort
0.0002148167519707102,23,107068,mdp.39015078549568,1777,"Defoe, Daniel,",The life and most surprising adventures of Robinson Crusoe
0.00021461530207103768,12,55914,mdp.39015066644082,1781,"Marmontel, Jean-François,",Moral tales
0.00021223762124074114,20,94234,nnc1.0037119885,1792,<blank>,Arabian tales;
0.00021095630327845274,22,104287,mdp.39015078549519,1778,"Defoe, Daniel,",The life and strange surprising adventures of Robinson Crusoe;
0.0002107718465018899,30,142334,mdp.39015078562280,1783,"Paltock, Robert,","The life and adventures of Peter Wilkins, a Cornish man"
0.00021060799201906558,19,90215,mdp.39015078549709,1789,"Defoe, Daniel,","The life and most surprising adventures of Robinson Crusoe, of fork, mariner, who lived twenty-eight years in an uninhabited island on the coast of America, near the mouth of the great river Oronoque"
0.00021056597918721532,19,90233,mdp.39015078565366,1782,"Swift, Jonathan,",Travels into several remote nations of the world
0.00020962477165873086,14,66786,nnc1.0037104179,1798,"Cumberland, Richard,",Henry
0.0002082361564603185,25,120056,mdp.39015078549014,1790,"Defoe, Daniel,","The life and adventures of Robinson Crusoe, of York, mariner"
0.00020813098376578327,6,28828,njp.32101037021282,1783,"Pratt,",Emma Corbett
0.00020625753633305832,13,63028,mdp.39015008440961,1798,"Quevedo, Francisco de,",The works of don Francisco de Quevedo
0.0002050280693190139,21,102425,mdp.39015078549287,1792,"Defoe, Daniel,","The life and most surprising adventures of Robinson Crusoe, of York, mariner, who lived eight-and-twenty years in an uninhabited island on the coast of America, near the mouth of the great river Oroonoque"
0.00020499854792695217,12,58537,mdp.39015023932208,1768,"Haywood, Eliza Fowler,",The history of Miss Betsy Thoughtless
0.00020480411948857485,7,34179,mdp.39015024477682,1792,"Gunning,",Anecdotes of the Delborough family
0.00020451756578648367,9,44006,nyp.33433074911516,1788,"Smith, Charlotte,",Emmeline
0.0002041145189880217,19,93085,hvd.hn4rcc,1770,"Cervantes Saavedra, Miguel de,",The history and adventures of the renowned Don Quixote
0.00020320855614973263,19,93500,mdp.39015078549634,1766,"Defoe, Daniel,",The life and strange surprising adventures of Robinson Crusoe;
0.00020114248933944808,5,24858,njp.32101036889507,1796,"Smith, Charlotte,","D'Arcy, a novel"
0.000200653034421116,11,54821,mdp.39015024230602,1785,"Genlis, Stéphanie Félicité,",Tales of the castle;
0.0002005984520486117,24,119642,mdp.39015078549600,1772,"Defoe, Daniel,",The life and strange surprising adventures of Robinson Crusoe;
0.00020048115477145148,3,14964,nyp.33433075840177,1764,"Lesuire, Robert Martin,",The savages of Europe
0.00019985210943901513,10,50037,nyp.33433074911482,1791,"Smith, Charlotte,",Celestina
0.00019953607861721497,8,40093,nyp.33433074911821,1793,"Pilkington,",Rosina
0.00019913046364209618,12,60262,nyp.33433074907571,1787,"Keir,",The history of Miss Greville
0.0001985801519138162,8,40286,mdp.39015078548636,1753,"Bingfield, William,","The travels and adventures of William Bingfield, esq;"
0.00019849896969582396,21,105794,hvd.hn4q7n,1793,"Cervantes Saavedra, Miguel de,",The history and adventures of the renowned Don Quixote
0.0001982710762154017,5,25218,mdp.39015078549147,1794,"Defoe, Daniel,","The wonderful life, and surprising adventures, of that renowned hero, Robinson Crusoe;"
0.0001972192091509713,8,40564,nyp.33433074916549,1753,"Bingfield, William,","The travels and adventures of William Bingfield, esq;"
0.00019649483445310196,26,132319,mdp.39015013150308,1799,"Mathias, Thomas James,",The pursuits of literature
0.00019647540213389372,23,117063,nyp.33433074919709,1790,"Defoe, Daniel,","The life and adventures of Robinson Crusoe, of York, mariner"
0.0001963402183303228,5,25466,mdp.39015078549691,1789,"Defoe, Daniel,","The wonderful life, and surprising adventures, of that renowned hero, Robinson Crusoe;"
0.00019540791402051784,4,20470,nyp.33433074911276,1770,"Sterne, Laurence,",A sentimental journey through France and Italy
0.00019487041117656758,13,66711,mdp.39015063560554,1785,"Mathews, Charles,",Constance
0.00019439809489866998,12,61729,mdp.39015013161065,1753,"Hill, Aaron,",Works
0.0001935495222845882,11,56833,mdp.39015063546538,1795,"Cumberland, Richard,",Arundel
0.00019334880123743234,8,41376,njp.32101036889531,1795,"Smith, Charlotte,",The banished man
0.0001918129710700907,17,88628,mdp.39015078549543,1777,"Defoe, Daniel,",The life and most surprising adventures of Robinson Crusoe
0.00019174720049087282,20,104304,nyp.33433074919717,1790,"Defoe, Daniel,","The life and adventures of Robinson Crusoe, of York, mariner"
0.00019173617102866456,8,41724,mdp.39015020051671,1799,"West,",A tale of the times
0.00019029660320563278,22,115609,ucm.5327110498,1774,"Richardson, Samuel,","Clarissa or, The history of a young lady"
0.00018924161423096938,20,105685,mdp.39015078549279,1792,"Defoe, Daniel,","The life and most surprising adventures [of] Robinson Crusoe, of York, mariner, who lived eight and twenty years in an uninhabited island on the coast of the great river Oroonoque"
0.00018911829760642017,23,121617,ucm.5326666985,1774,"Richardson, Samuel,","Clarissa or, The history of a young lady"
0.00018883113527266222,19,100619,hvd.hn4q7l,1793,"Cervantes Saavedra, Miguel de,",The history and adventures of the renowned Don Quixote
0.0001883416517562859,4,21238,nyp.33433074911284,1770,"Sterne, Laurence,",A sentimental journey through France and Italy
0.00018752344043005377,15,79990,pst.000005236749,1778,"Le Sage, Alain René,",The adventures of Gil Blas of Santillane
0.00018731101656364562,14,74742,mdp.39015065783857,1784,"Paltock, Robert,","The life and adventures of Peter Wilkins, a Cornish man"
0.00018653932248918073,5,26804,nyp.33433074955349,1777,Henrietta.,Letters from Henrietta to Morvina
0.00018536711958032885,20,107894,nyp.33433074919691,1790,"Defoe, Daniel,","The life and strange surprizing adventures of Robinson Crusoe, of York, Mariner"
0.00018521948508983145,6,32394,uc2.ark:/13960/t95719d0q,1773,"Mackenzie, Henry,",The man of the world
0.00018453279651065257,11,59610,dul1.ark:/13960/t9z03vs2q,1753,"Haywood, Eliza Fowler,",The history of Jemmy and Jenny Jessamy
0.0001840307331324331,8,43471,mdp.39015030679479,1799,"Meeke, Mary,",Ellesmere
0.00018372389972349552,20,108859,mdp.39015078549329,1790,"Defoe, Daniel,","The life and strange surprizing adventures of Robinson Crusoe, of York, mariner"
0.00018340476466272829,19,103596,mdp.39015078549733,1785,"Defoe, Daniel,","The life and most surprizing adventures of Robinson Crusoe of York, mariner;"
0.00018304656038872432,11,60094,nnc1.0315301320,1765,<blank>,The generous Briton;
0.0001817108072502612,4,22013,njp.32101058836246,1777,"Walker, Mary,",Letters from the Duchess de Crui and others
0.00018095544474827088,9,49736,njp.32101068989894,1798,"Genlis, Stéphanie Félicité,",Tales of the castle
0.00018066194536782773,20,110704,hvd.hn4rcd,1770,"Cervantes Saavedra, Miguel de,",The history and adventures of the renowned Don Quixote
0.00018026950290684574,4,22189,nyp.33433074955356,1762,"Cooper, Maria Susanna.",Letters between Emilia and Harriet
0.0001798663309161823,19,105634,mdp.39015078549022,1790,"Defoe, Daniel,","The life and adventures of Robinson Crusoe, of York, mariner"
0.00017868898711558356,19,106330,mdp.39015078549535,1778,"Defoe, Daniel,","The life and most surprising adventures of Robinson Crusoe, of York, mariner, who lived eight and twenty years in an uninhabited island on the coast of America, near the mouth of the great river Oroonoque, with an account of his deliverance thence, and his after surprising adventures"
0.00017845104493000754,18,100868,hvd.hn4q7c,1771,"Cervantes Saavedra, Miguel de,",The history of the renowned Don Quixote de la Mancha
0.00017681232634503662,7,39590,njp.32101074630169,1799,"Lafontaine, August Heinrich Julius,",Romulus
0.0001765502089177472,9,50977,mdp.39015068351066,1787,"Fielding, Sarah,",The history of Ophelia
0.00017605915587637447,11,62479,njp.32101079667026,1795,"Quevedo, Francisco de,",Visions
0.0001749035297718602,16,91479,mdp.39015031644233,1793,<blank>,The Minstrel;
0.00017459370589690241,12,68731,nyp.33433075821870,1799,"Genlis, Stéphanie Félicité,","The young exiles, or, Correspondence of some juvenile emigrants"
0.00017414169910055812,20,114849,hvd.32044054765631,1798,"Murray, Judith Sargent,",The gleaner
0.00017236374192611945,19,110232,hvd.hn4qkb,1786,"Cervantes Saavedra, Miguel de,",The history and adventures of the renowned Don Quixote
0.00017159883312793474,11,64103,nyp.33433074909973,1795,"Cumberland, Richard,",Henry;
0.00017117888193161855,19,110995,ucm.5327110504,1774,"Richardson, Samuel,","Clarissa or, The history of a young lady"
0.0001709434177287318,18,105298,mdp.39015078549592,1772,"Defoe, Daniel,",The life and strange surprising adventures of Robinson Crusoe;
0.00017066072647576618,19,111332,nyp.33433074918859,1791,"Adams, John,","Elegant tales, histories, and epistles of a moral tendency;"
0.00017013312917357832,8,47022,njp.32101036889515,1795,"Smith, Charlotte,",The banished man
0.0001691240909580111,11,65041,njp.32101037078837,1754,"Fielding, Sarah,",The cry
0.00016867876334369502,7,41499,nyp.33433074916432,1789,"Bennett,",Agnes de-Courci
0.00016820422580770376,13,77287,nyp.33433082191085,1753,Virgil.,The works of Virgil
0.00016775708773695687,14,83454,njp.32101048392763,1792,<blank>,Arabian tales
0.00016775145943769712,5,29806,uc2.ark:/13960/t0js9j885,1788,<blank>,"The amicable Quixote, or, The enthusiasm of friendship"
0.00016748840666185136,16,95529,mdp.39015078548669,1756,"Bannac, Adolphus.",The life and surprizing adventures of Crusoe Richard Davis
0.00016654638316771221,9,54039,dul1.ark:/13960/t58d0nd8w,1753,"Haywood, Eliza Fowler,",The history of Jemmy and Jenny Jessamy
0.0001663229326059477,5,30062,nyp.33433074955331,1777,Henrietta.,Letters from Henrietta to Morvina
0.00016619577862722287,3,18051,nyp.33433074955117,1794,"Gunning,",The packet
0.0001650982334489021,6,36342,njp.32101071962755,1799,"Marmontel, Jean-François,",Marmontel's tales
0.00016509520490149318,9,54514,hvd.hn2hdv,1798,"Wakefield, Priscilla,","Juvenile anecdotes, founded on facts"
0.00016368621352866555,16,97748,mdp.39015078549774,1783,"Defoe, Daniel,",The life and most surprizing adventures of Robinson Crusoe
0.00016368576697694214,15,91639,mdp.39015078549725,1785,"Defoe, Daniel,","The life and most surprising adventures of Robinson Crusoe, of York, mariner;"
0.0001636795155086341,10,61095,nyp.33433074913546,1786,"Burney, Fanny,","Cecilia, or, Memoirs of an heiress"
0.00016338200755641784,8,48965,njp.32101036889523,1795,"Smith, Charlotte,",The banished man
0.00016286423908470297,12,73681,nnc1.0315301591,1756,"Lennox, Charlotte,",The memoirs of the Countess of Berci
0.00016243096683909338,13,80034,mdp.39015028374398,1770,"Aulnoy,",A collection of novels and tales of the fairies
0.00016086653439862728,27,167841,mdp.39015024577101,1750,"Ahmet Paşa,",Memoirs of the Bashaw Count Bonneval;
0.00015972817169326384,11,68867,dul1.ark:/13960/t75t4h262,1764,<blank>,"The memoirs of Miss D'Arville; or, The Italian female philosopher"
0.0001591174286623528,12,75416,uc2.ark:/13960/t06w99c6k,1799,"Lee, Harriet,",Canterbury tales
0.0001587519976293035,15,94487,njp.32101048392755,1792,<blank>,Arabian tales
0.00015773648149060976,16,101435,mdp.39015078549659,1790,"Defoe, Daniel,","The life and adventures of Robinson Crusoe, of York, mariner"
0.00015603058199407084,13,83317,nyp.33433074907746,1784,"Burney, Fanny,",Evelina ;
0.00015542430836182778,5,32170,mdp.39015030694734,1761,<blank>,Hau kiou choaan
0.00015533330943590112,13,83691,mdp.39015009239859,1759,"Behn, Aphra,",Love-letters between a nobleman and his sister;
0.00015528092145525627,17,109479,nyp.33433082193578,1781,"Lucian,",The works of Lucian
0.00015449185055488323,6,38837,mdp.39015078568329,1792,"Dibdin, Charles,",Hannah Hewit;
0.00015441630636195183,5,32380,njp.32101064256108,1768,"Byron, John,",The narrative of the Honourable John Byron
0.00015428765390193476,10,64814,mdp.39015008180096,1781,"Marmontel, Jean-François,",Moral tales
0.00015300072675345207,12,78431,mdp.39015012371368,1789,"Moore, John,",Zeluco
0.00015280589830767466,4,26177,hvd.hn62x4,1781,"Espenscheid, Gertrude E.",The masqued weddings;
0.00015014113266470484,5,33302,mdp.39015065810544,1762,<blank>,Almira
0.0001496493928510347,14,93552,uc2.ark:/13960/t9t14wb76,1792,<blank>,Arabian tales;
0.0001488316713796696,11,73909,mdp.39015063560596,1785,"Mathews, Charles,",Constance
0.00014866059458928528,56,376697,hvd.hxg7uc,1792,"Johnson, Samuel,",The rambler
0.00014741290354282344,3,20351,nyp.33433074918792,1790,"White, James,","The adventures of John of Gaunt, Duke of Lancaster"
0.00014733100673118538,16,108599,mdp.39015078549253,1791,"Defoe, Daniel,","The life and strange surprising adventures of Robinson Crusoe, of York, mariner"
0.00014720107667073222,28,190216,ucm.5323840709,1750,"César, Cayo Julio,","C. Julius Caesar's Commentaries of his wars in Gaul, and civil war with Pompey : To which is added, a supplement to his Commentary of his wars in Gaul; as also, Commentaries of the Alexandrian, African, and Spanish wars, by Aulus Hirtius, or Oppius, etc. With the author's life. Adorn'd with sculptures from the designs of the famous Palladio"
0.00014702080090848717,29,197251,nyp.33433003254269,1755,"Cervantes Saavedra, Miguel de,",The history and adventures of the renowned Don Quixote
0.00014689988772651437,14,95303,mdp.39015007004024,1771,"Haywood, Eliza Fowler,",The female spectator
0.00014643597368658195,13,88776,mdp.39015007004016,1771,"Haywood, Eliza Fowler,",The female spectator
0.00014534461207523037,10,68802,nyp.33433074909965,1795,"Cumberland, Richard,",Henry;
0.00014509576320371445,3,20676,uc2.ark:/13960/t8kd1v44v,1799,<blank>,"Frederic Latimer; or, The history of a young man of fashion"
0.00014355211739373156,9,62695,nyp.33433067290126,1796,"Rowe, Elizabeth Singer,",The works of Mrs. Elizabeth Rowe
0.0001434102968593145,9,62757,mdp.39015067113491,1798,"Quevedo, Francisco de,",The works of don Francisco de Quevedo
0.00014327820533813657,7,48856,nyp.33433074910815,1794,"Smith, Charlotte,",The wanderings of Warwick
0.00014301475095002656,7,48946,njp.32101074629542,1790,"Lavallée, Joseph,",The negro equalled by few Europeans;
0.00014256328791674303,14,98202,mdp.39015028374182,1770,"Aulnoy,",A collection of novels and tales of the fairies
0.00014238929232521716,10,70230,mdp.39015065430756,1751,"Mainvilliers, Genu-Soalhat,",The beau-philosopher;
0.00014218194243465938,62,436061,hvd.hn4q7f,1782,"Cervantes Saavedra, Miguel de,",The history and adventures of the renowned Don Quixote
0.00014196882364632727,5,35219,ucm.5316526808,1780,"Byron, John,",The narrative of the Honourable John Byron (Commodore in a late expedition round the world)
0.0001418708029887449,6,42292,nyp.33433074911813,1793,"Pilkington,",Rosina
0.00014117564014329328,8,56667,njp.32101072911959,1796,"Auvigny,",Memoirs of Madame de Barneveldt [pseud.]
0.00013906271728549575,11,79101,uc2.ark:/13960/t77s7vw6c,1789,"Moore, John,",Zeluco
0.00013888538168228075,11,79202,nyp.33433075821888,1797,"Le Sage, Alain René,",The adventures of Gil Blas of Santillane
0.00013841309387868092,4,28899,njp.32101074629567,1790,"Lavallée, Joseph,",The negro equalled by few Europeans;
0.00013632335900756593,12,88026,uc2.ark:/13960/t1vd6s76s,1799,"Lee, Harriet,",Canterbury tales
0.00013524740614796066,7,51757,nyp.33433074911524,1788,"Smith, Charlotte,",Emmeline
0.00013379915260536683,9,67265,mdp.39015065785357,1764,<blank>,The memoirs of Miss d'Arville ;
0.00013276245477778883,16,120516,nyp.33433082193594,1781,"Lucian,",The works of Lucian
0.00013213748905736418,8,60543,mdp.39015063560612,1785,"Mathews, Charles,",Constance
0.00013195320059818783,9,68206,dul1.ark:/13960/t3cz3t87q,1799,"West,",A tale of the times
0.00013138877939823938,4,30444,njp.32101077780524,1768,"ʻInāyat Allāh,",Tales
0.00012861736334405144,2,15550,njp.32101037080122,1766,"Gunning,",The picture
0.00012825856927565972,8,62374,mdp.39015013469849,1798,"Quevedo, Francisco de,",The works of don Francisco de Quevedo
0.00012784780996701528,5,39109,mdp.39015024477732,1792,"Gunning,",Anecdotes of the Delborough family
0.00012723455690565557,6,47157,nyp.33433075896377,1796,"Hamilton, Elizabeth,",Translation of the letters of a Hindoo rajah
0.00012694866196110292,10,78772,mdp.39015078549212,1799,"Defoe, Daniel,",The life and adventures of Robinson Crusoe
0.00012516688918558078,6,47936,njp.32101041469998,1773,"Arnaud, François-Thomas-Marie de Baculard d',",The tears of sensibility;
0.00012427956688570942,8,64371,dul1.ark:/13960/t6834jz71,1798,"West,","A gossip's story, and a legendary tale"
0.00012341742859787517,12,97231,mdp.39015065806815,1762,"Le Sage, Alain René,",The devil upon two sticks
0.00012196184336614688,7,57395,mdp.39015066644074,1781,"Marmontel, Jean-François,",Moral tales
0.00012178487918939984,5,41056,mdp.39015063980117,1789,"Hayley, William,",The young widow;
0.00012174089479557674,6,49285,mdp.39015016483326,1798,"Trimmer,",Fabulous histories
0.00012161307583791409,10,82228,uc2.ark:/13960/t4kk97p66,1799,"Lee, Harriet,",Canterbury tales
0.00012155591572123176,3,24680,uc2.ark:/13960/t4wh2fp3p,1797,"Gilpin, William,",Three dialogues on the amusements of clergymen
0.00012051096649795132,2,16596,uc2.ark:/13960/t80k27x9z,1787,<blank>,"Familiar essays, on interesting subjects"
0.00011999760004799904,2,16667,dul1.ark:/13960/t5k943g2j,1788,"Berkeley, George Monck,",Heloise: or The siege of Rhodes
0.00011997840388730028,12,100018,njp.32101071963084,1793,"Le Sage, Alain René,",The devil upon two sticks
0.00011978056201039696,5,41743,njp.32101074630151,1799,"Lafontaine, August Heinrich Julius,",Romulus
0.00011858879335902757,2,16865,njp.32101036894333,1791,"Yeo, James",Omar and Zemira;
0.0001182429103521668,6,50743,nyp.33433075840250,1792,"Marmontel, Jean-François,",Tales
0.00011755485893416928,3,25520,njp.32101055192668,1774,"Grafigny,",The Peruvian letters;
0.00011680878402055835,12,102732,mdp.39015078572503,1792,"Campe, Joachim Heinrich,",The new Robinson Crusoe
0.00011566878244147883,8,69163,nnc1.0037104160,1798,"Cumberland, Richard,",Henry
0.00011441211242896914,3,26221,hvd.hn62x5,1781,"Espenscheid, Gertrude E.",The masqued weddings;
0.00011352394544363536,14,123322,mdp.39015012345396,1754,"Defoe, Daniel,",The political history of the devil
0.00011276499774470004,3,26604,uc2.ark:/13960/t6d21t12k,1793,Aesop.,The Fables
0.00011270304157333446,8,70983,mdp.39015078563262,1784,"Paltock, Robert,","The life and adventures of Peter Wilkins, a Cornish man"
0.00011204230717518935,5,44626,njp.32101036894374,1798,"Wollstonecraft, Mary,",Memoirs and posthumous works of Mary Wollstonecraft Godwin
0.00011194984646878198,7,62528,nnc1.0037104144,1798,"Cumberland, Richard,",Henry
0.00011172827683074763,7,62652,nyp.33433074909981,1795,"Cumberland, Richard,",Henry;
0.0001110494169905608,2,18010,nnc1.1002330652,1794,"Moser, Joseph,",Turkish tales
0.00011066843736166445,3,27108,dul1.ark:/13960/t70v9094q,1777,"Brooke, Frances,",The history of Emily Montague
0.00011043134483291737,5,45277,mdp.39015024230628,1785,"Genlis, Stéphanie Félicité,",Tales of the castle;
0.00010973444264878993,11,100242,nyp.33433051570665,1778,"Le Sage, Alain René,",The devil upon two sticks
0.0001092194902180294,8,73247,uc1.b3366265,1797,"Le Sage, Alain René,",The adventures of Gil Blas of Santillane
0.00010861448645713122,8,73655,pst.000005422524,1778,"Le Sage, Alain René,",The adventures of Gil Blas of Santillane
0.00010855995223362102,2,18423,nyp.33433074913371,1791,"Inchbald,",A simple story
0.0001074988098346054,7,65117,mdp.39015078562298,1751,"Paltock, Robert,","The life and adventures of Peter Wilkins, a Cornish man"
0.00010695873531991358,5,46747,nnc1.0315301311,1765,<blank>,The generous Briton;
0.0001069126676237896,7,65474,mdp.39015020051689,1797,"West,",A gossip's story
0.00010684902233144567,2,18718,hvd.hw3q0h,1788,"Rousseau, Jean-Jacques,",The beauties of Rousseau;
0.00010639429726566656,3,28197,nyp.33433007970431,1787,"Smith, Charlotte,",The romance of real life
0.00010594342621040364,7,66073,nnc1.0022160590,1768,"Higgs, Henry.","High life: a novel. Or, The history of Miss Faulkland"
0.00010547966879383998,4,37922,nyp.33433074916556,1753,"Bingfield, William,","The travels and adventures of William Bingfield, esq;"
0.00010514878553152712,12,114124,ucm.5327110489,1774,"Richardson, Samuel,","Clarissa or, The history of a young lady"
0.00010467915837956663,4,38212,nyp.33433071372746,1776,"Douxménil,",The memoirs of Ninon de L'Enclos;
0.00010467231024872758,8,76429,mdp.39015010794405,1796,"Genlis, Stéphanie Félicité,",Adelaide and Theodore;
0.00010422963874007213,10,95942,hvd.hn4q7k,1793,"Cervantes Saavedra, Miguel de,",The history and adventures of the renowned Don Quixote
0.00010248264200251083,4,39031,mdp.39015063918562,1785,<blank>,Eleanora: from the Sorrows of Werter
0.00010037641154328733,2,19925,nnc1.1002351935,1781,<blank>,"Sketch of the times; or, Memoirs of Lord Derville; [a novel]"
0.00010015296088571637,11,109832,hvd.hw3q0r,1796,"Rousseau, Jean-Jacques,",Eloisa: or A series of original letters
9.989582292751845e-05,7,70073,nyp.33433074955471,1787,<blank>,Lucinda Osburn
9.978759497640736e-05,7,70149,nyp.33433075821862,1799,"Genlis, Stéphanie Félicité,","The young exiles, or, Correspondence of some juvenile emigrants"
9.935617200540497e-05,5,50324,mdp.39015030679461,1799,"Meeke, Mary,",Ellesmere
9.892338383921653e-05,6,60653,uc2.ark:/13960/t1ng4kw2z,1799,"Lee, Harriet,",Canterbury tales
9.88288777980926e-05,8,80948,mdp.39015078549303,1793,"Defoe, Daniel,",The life and adventures of Robinson Crusoe
9.791579241852007e-05,7,71490,nyp.33433074911532,1788,"Smith, Charlotte,",Emmeline
9.698246002937183e-05,7,72178,mdp.39015021305167,1799,"Radcliffe, Ann Ward,",The mysteries of Udolpho
9.641497003101348e-05,6,62231,mdp.39015063560604,1785,"Mathews, Charles,",Constance
9.609840476648087e-05,2,20812,uc2.ark:/13960/t9z03cq1j,1777,"Hamilton, Mary,",Memoirs of the Marchioness De Louvoi
9.584052137243626e-05,11,114774,mdp.39015018015274,1777,"Defoe, Daniel,","The history of the devil, ancient and modern"
9.579060174458633e-05,32,334062,mdp.39015078576116,1781,<blank>,"The novelist's magazine, v.4, 9, 21"
9.548362455838824e-05,2,20946,hvd.hw3q0g,1788,"Rousseau, Jean-Jacques,",The beauties of Rousseau;
9.4631253548672e-05,3,31702,mdp.39015063758570,1796,<blank>,The masquerade;
9.45072392545269e-05,5,52906,hvd.hn6nfx,1798,"Leprince de Beaumont,",Letters of Madame Du Montier
9.426136792097127e-05,5,53044,mdp.39015068350910,1787,"Fielding, Sarah,",The history of Ophelia
9.338064619407166e-05,7,74962,mdp.39015012371350,1789,"Moore, John,",Zeluco
9.327736691318542e-05,7,75045,uc2.ark:/13960/t0zp3x123,1777,"Griffith,",A collection of novels
9.310120100549297e-05,6,64446,mdp.39015065785340,1764,<blank>,The memoirs of Miss d'Arville ;
9.237448616692069e-05,4,43302,nyp.33433074911599,1795,"Smith, Charlotte,",Montalbert
9.127418765972983e-05,6,65736,mdp.39015063919081,1795,<blank>,The hapless orphan;
8.926749642930014e-05,7,78416,mdp.39015063949005,1766,"Morell, Charles,",The tales of the genii;
8.92458723784025e-05,7,78435,njp.32101037606322,1763,"Gunning,",The histories of Lady Frances S--- and Lady Caroline S---
8.876264867743653e-05,8,90128,uc2.ark:/13960/t1fj2bj4m,1792,<blank>,Arabian tales;
8.831321754489255e-05,6,67940,njp.32101072911967,1796,"Auvigny,",Memoirs of Madame de Barneveldt [pseud.]
8.622813500862281e-05,7,81180,mdp.39015065783139,1755,"Prévost,","The history of a fair Greek, who was taken out of a seraglio at Constantinople, and brought to Paris by a late embassador at the Ottoman port, interspersed with the surprising adventures of several other slaves"
8.59008131943649e-05,6,69848,nyp.33433075813372,1775,"Scarron,",The comic romance of Monsieur Scarron
8.540230586225828e-05,7,81965,mdp.39015011399253,1776,"Berington, Simon,",The adventures of Sig. Gaudentio di Lucca [pseud.]
8.501955449753443e-05,7,82334,nyp.33433075813422,1784,"Rousseau, Jean-Jacques,","Eloisa, or, A series of original letters"
8.499354049092269e-05,5,58828,hvd.hxkcgs,1797,"Hamilton, Elizabeth,",Translation of the letters of a Hindoo rajah
8.481284631912248e-05,6,70744,mdp.39015065783840,1784,"Paltock, Robert,","The life and adventures of Peter Wilkins, a Cornish man"
8.47565368479044e-05,6,70791,dul1.ark:/13960/t43r1j95v,1776,"Fénelon, François de Salignac de La Mothe-,","The adventures of Telemachus, the son of Ulysses"
8.440548394487116e-05,7,82933,nnc1.0038773805,1792,<blank>,Arabian tales;
8.433125316242199e-05,6,71148,ucm.5317974094,1795,"Radcliffe, Ann,",The mysteries of Udolfo
8.395600705230459e-05,8,95288,mdp.39015028374190,1770,"Aulnoy,",A collection of novels and tales of the fairies
8.375910880308233e-05,3,35817,nyp.33433075987150,1778,"Murry, Ann,","Mentoria, or, The young ladies instructor"
8.366975547513963e-05,4,47807,mdp.39015016468269,1781,"Dodsley, Robert,",Select fables of Esop and other fabulists
8.333333333333333e-05,2,24000,nyp.33433088073691,1793,<blank>,The fables of AEsop
8.219178082191781e-05,3,36500,mdp.39015063980125,1789,"Hayley, William,",The young widow;
8.083493506260217e-05,9,111338,nyp.33433082401468,1772,"Isla, José Francisco de,","The history of the famous preacher, Friar Gerund de Campazas"
8.063107252764973e-05,6,74413,mdp.39015010794421,1796,"Genlis, Stéphanie Félicité,",Adelaide and Theodore;
7.946598855689765e-05,2,25168,nnc1.1002261596,1789,"Berkeley, George Monck,",Heloise
7.922203957140877e-05,4,50491,nyp.33433074911771,1799,"Robinson, Mary Darby,",The false friend
7.894113622608742e-05,3,38003,mdp.39015012361922,1774,"Johnstone, Charles,","The history of Arsaces, prince of Betlis"
7.838372753816308e-05,4,51031,nyp.33433067304026,1799,"West,",A tale of the times
7.764577995185961e-05,2,25758,njp.32101072913187,1799,"Barthélemy, J.-J.",Charite and Polydorus
7.760962359332557e-05,2,25770,nyp.33433074913363,1791,"Inchbald,",A simple story
7.727975270479135e-05,5,64700,dul1.ark:/13960/t6446jc6s,1764,<blank>,"The memoirs of Miss D'Arville; or, The Italian female philosopher"
7.705347511172754e-05,3,38934,nyp.33433074874300,1796,"Lewis, M. G.",The monk
7.700482050176341e-05,5,64931,nyp.33433074911490,1791,"Smith, Charlotte,",Celestina
7.68787238131847e-05,2,26015,dul1.ark:/13960/t4qj7xg01,1777,"Brooke, Frances,",The history of Emily Montague
7.646624015497158e-05,3,39233,njp.32101076970555,1774,"Dorat, Claude Joseph,","The fatal effects of inconstancy, or, Letters of the Marchioness de Syrcé, the Count de Mirbelle and others"
7.605488120227556e-05,5,65742,uc1.b3366264,1797,"Le Sage, Alain René,",The adventures of Gil Blas of Santillane
7.477474109245897e-05,6,80241,nyp.33433074948559,1752,"Lennox, Charlotte,","The female Quixote; or, The adventures of Arabella"
7.471189226545135e-05,4,53539,nyp.33433074911615,1795,"Smith, Charlotte,",Montalbert
7.435607637856166e-05,5,67244,pst.000005236756,1778,"Le Sage, Alain René,",The adventures of Gil Blas of Santillane
7.431260837255387e-05,3,40370,mdp.39015031938452,1796,"Wieland, Christoph Martin,","Private history of Peregrinus Proteus, the philosopher"
7.362505215107861e-05,3,40747,mdp.39015004743731,1792,"Knight, Ellis Cornelia,",Dinarbas;
7.343941248470012e-05,3,40850,mdp.39015020051820,1799,"West,",A tale of the times
7.340257643043271e-05,6,81741,dul1.ark:/13960/t6nz8wn66,1786,"Berington, Simon,",The adventures of Signor Gaudentio di Lucca
7.295453716425715e-05,6,82243,ucm.5327367983,1774,"Lucca, Gaudentio di.",The adventures of Sig. Gaudentio di Lucca
7.294052429648865e-05,5,68549,nyp.33433074948542,1752,"Lennox, Charlotte,","The female Quixote; or, The adventures of Arabella"
7.281641767497179e-05,6,82399,dul1.ark:/13960/t6349g04w,1761,"Berington, Simon,",The adventures of Sig. Gaudentio di Lucca
7.269404116559702e-05,7,96294,hvd.hn4q7a,1771,"Cervantes Saavedra, Miguel de,",The history of the renowned Don Quixote de la Mancha
7.157939944883863e-05,4,55882,nyp.33433074955067,1789,"Reeve, Clara,",The Old English Baron
7.148133145893398e-05,3,41969,mdp.39015063950276,1792,"Radcliffe, Ann Ward,",The romance of the forest
7.134194192765928e-05,13,182221,hvd.hn5hbi,1784,"Fernández de Avellaneda, Alonso.",A continuation of the history and adventures of the renowned Don Quixote de la Mancha
7.128938738653106e-05,3,42082,mdp.39015057157748,1766,"Elie de Beaumont,","The history of the Marquis de Roselle, in a series of letters"
7.122507122507122e-05,8,112320,nyp.33433075821359,1797,"Genlis, Stéphanie Félicité,",The knights of the swan;
6.950719399457844e-05,2,28774,mdp.39015062248144,1761,<blank>,Hau kiou choaan
6.938902959442112e-05,2,28823,nyp.33433074913348,1791,"Inchbald,",A simple story
6.889029220965612e-05,6,87095,nnc1.0037119893,1792,<blank>,Arabian tales;
6.862319006336207e-05,3,43717,mdp.39015063950284,1792,"Radcliffe, Ann Ward,",The romance of the forest
6.799020940984498e-05,6,88248,mdp.39015063691136,1759,"Gueullette, Thomas-Simon,",Mogul tales
6.793016778751444e-05,2,29442,mdp.39015063891314,1762,"Leland, Thomas,","Longsword, Earl of Salisbury"
6.759725555142461e-05,4,59174,mdp.39015063546520,1795,"Cumberland, Richard,",Arundel
6.757304646322675e-05,5,73994,nyp.33433075821904,1797,"Le Sage, Alain René,",The adventures of Gil Blas of Santillane
6.702412868632708e-05,1,14920,mdp.39015064337754,1775,"Fordyce, David,","The temple of virtue, a dream"
6.68431325365632e-05,5,74802,nyp.33433074910294,1789,"Moore, John,",Zeluco
6.618571712224501e-05,6,90654,mdp.39015065443015,1797,"Genlis, Stéphanie Félicité,",The knights of the Swan;
6.5695828314902e-05,6,91330,mdp.39015007004040,1771,"Haywood, Eliza Fowler,",The female spectator
6.499415052645263e-05,4,61544,dul1.ark:/13960/t90870v2v,1787,"Lee, Sophia,","The recess, or, A tale of other times"
6.422470081993534e-05,3,46711,dul1.ark:/13960/t1dj65k1r,1787,"Lee, Sophia,","The recess, or, A tale of other times"
6.398853325484073e-05,5,78139,mdp.39015021305159,1799,"Radcliffe, Ann Ward,",The mysteries of Udolpho
6.390456917669613e-05,3,46945,nyp.33433074913330,1758,"Fielding, Sarah,",The lives of Cleopatra and Octavia
6.3441712926249e-05,2,31525,mdp.39015031446852,1764,Chariton.,"The loves of Chærcas and Callirrhoe. Written originally in Greek, by Chariton of Aphrodisios. Now first translated into English"
6.3000063000063e-05,3,47619,mdp.39015031938460,1796,"Wieland, Christoph Martin,","Private history of Peregrinus Proteus, the philosopher"
6.283972727558363e-05,2,31827,nyp.33433075733406,1793,"Kneigge, Adolf Franz Friedrich Ludwig,",The German Gil Blas;
6.205270342944607e-05,3,48346,nyp.33433074874755,1796,"Lewis, M. G.",The monk
6.186842647968654e-05,3,48490,njp.32101069176525,1774,"Duclos, Charles Pinot-,","The pleasures of retirement, preferable to the joys of dissipation;"
6.16399303468787e-05,4,64893,nyp.33433075821896,1797,"Le Sage, Alain René,",The adventures of Gil Blas of Santillane
6.069802731411229e-05,1,16475,uc2.ark:/13960/t3fx7567r,1766,"Johnson, Samuel,",The prince of Abissinia;
6.064158800105112e-05,6,98942,nyp.33433074909833,1772,"Barclay, John,","The phoenix; or, The history of Polyarchus and Argenis"
5.954507562224604e-05,1,16794,nnc1.1002330709,1794,"Moser, Joseph,",Turkish tales
5.943183168905266e-05,3,50478,mdp.39015020051663,1799,"West,",A tale of the times
5.9418210832788666e-05,7,117809,nnc1.0021771839,1765,"Pétis de La Croix, François,",The thousand and one days
5.910963993785044e-05,7,118424,mdp.39015065793088,1758,"Mouhy, Charles de Fieux,",The fortunate country maid
5.9000531004779045e-05,3,50847,mdp.39015063962032,1796,<blank>,Travels before the flood
5.8799317927912035e-05,1,17007,njp.32101067635050,1799,<blank>,"The hare; or, Hunting incompatible with humanity"
5.8294470353097936e-05,7,120080,nyp.33433074916390,1792,<blank>,"Athenian letters, or, The epistolary correspondence of an agent of the King of Persia, residing at Athens during the Peloponnesian War"
5.77672940836663e-05,6,103865,nyp.33433075821367,1797,"Genlis, Stéphanie Félicité,",The knights of the swan;
5.64833468265773e-05,6,106226,hvd.hw3q0s,1796,"Rousseau, Jean-Jacques,",Eloisa: or A series of original letters
5.639919349153307e-05,4,70923,nyp.33433024101465,1784,"Paltock, Robert,","The life and adventures of Peter Wilkins, a Cornish man"
5.633406098162101e-05,4,71005,nyp.33433075812879,1795,"Rousseau, Jean-Jacques,",Eloisa
5.555555555555556e-05,1,18000,nyp.33433007970456,1787,"Smith, Charlotte,",The romance of real life
5.531814850156965e-05,4,72309,nnc1.0037112007,1760,"Prévost,",The life and entertaining adventures of Mr. Cleveland;
5.5088830739567555e-05,2,36305,nnc1.0114571498,1775,"Wieland, Christoph Martin,",Dialogues from the German of M. Wieland
5.504940684264127e-05,2,36331,njp.32101055192650,1774,"Grafigny,",The Peruvian letters;
5.503047312449269e-05,4,72687,hvd.hn2hd2,1779,"Bicknell, Alexander,",Prince Arthur
5.4695618880927636e-05,4,73132,uc2.ark:/13960/t85h7q10h,1789,"Moore, John,",Zeluco
5.46000546000546e-05,1,18315,nyp.33433075811996,1774,"Tencin, Claudine Alexandrine Guérin de,",Memoirs of the Count of Comminge
5.432420686657975e-05,1,18408,nyp.33433075819957,1791,"Frere, B.",The modern hero
5.423140540687112e-05,4,73758,uc2.ark:/13960/t76t0m600,1786,"Tooke, John Horne,","Epea pteroenta, or The diversions of Purley"
5.342593829304127e-05,4,74870,ucm.5317974100,1795,"Radcliffe, Ann,",The mysteries of Udolfo
5.326799126404943e-05,2,37546,njp.32101037042551,1797,"Lewis, Alethea,",Disobedience
5.290900312824481e-05,8,151203,nyp.33433074916408,1792,<blank>,"Athenian letters, or, The epistolary correspondence of an agent of the King of Persia, residing at Athens during the Peloponnesian War"
5.2530664775562736e-05,4,76146,mdp.39015021305142,1799,"Radcliffe, Ann Ward,",The mysteries of Udolpho
5.2256159694824024e-05,2,38273,mdp.39015030679487,1799,"Meeke, Mary,",Ellesmere
5.208178328025952e-05,7,134404,nnc1.cu58506756,1795,"Radcliffe, Ann Ward,",The romance of the forest
5.161929735812436e-05,5,96863,nyp.33433074909825,1772,"Barclay, John,","The phoenix; or, The history of Polyarchus and Argenis"
5.142313526855733e-05,4,77786,mdp.39015010794413,1796,"Genlis, Stéphanie Félicité,",Adelaide and Theodore;
5.112213077041051e-05,1,19561,nyp.33433074918800,1790,"White, James,","The adventures of John of Gaunt, Duke of Lancaster"
5.051355447044957e-05,3,59390,nyp.33433075813349,1775,"Scarron,",The comic romance of Monsieur Scarron
5.0287139566927156e-05,5,99429,mdp.39015059896913,1780,<blank>,An entire new collection of romances and novels
5.016491716518053e-05,4,79737,nyp.33433081617452,1753,"Heliodorus,","Aethiopian adventures: or, The history of Theagenes and Chariclea"
4.9901444646822524e-05,4,80158,uc2.ark:/13960/t4mk6790j,1792,<blank>,Arabian tales;
4.933447789322046e-05,5,101349,mdp.39015009239842,1759,"Behn, Aphra,",Love-letters between a nobleman and his sister;
4.927564797477087e-05,1,20294,hvd.hn2hdx,1799,"Pilkington,","The budget, or Moral and entertaining fragments"
4.86010983848235e-05,3,61727,mdp.39015064408506,1796,"Cramer, Karl Gottlieb,",Albert de Nordenshild
4.8534265191225004e-05,4,82416,mdp.39015063948676,1766,"Morell, Charles,",The tales of the genii;
4.793289394847214e-05,2,41725,nyp.33433075813281,1789,"Saint-Pierre, Bernardin de,",Paul and Mary
4.771675335210192e-05,2,41914,njp.32101068989910,1798,"Genlis, Stéphanie Félicité,",Tales of the castle
4.756581920232121e-05,2,42047,mdp.39015012361187,1774,"Johnstone, Charles,","The history of Arsaces, prince of Betlis"
4.7403474674693655e-05,2,42191,mdp.39015063950128,1793,"Radcliffe, Ann Ward,",The castles of Athlin and Dunbayne
4.7252279922506264e-05,1,21163,nyp.33433074918784,1790,"White, James,","The adventures of John of Gaunt, Duke of Lancaster"
4.6754643320514766e-05,4,85553,nyp.33433075813448,1784,"Rousseau, Jean-Jacques,","Eloisa, or, A series of original letters"
4.5955882352941176e-05,1,21760,yale.39002032471428,1791,"Carter, George,",A narrative of the loss of the Grosvenor East Indiaman
4.59259123182482e-05,5,108871,nnc1.0021771847,1765,"Pétis de La Croix, François,",The thousand and one days
4.480889008379262e-05,1,22317,mdp.39015031446845,1764,Chariton.,"The loves of Chærcas and Callirrhoe. Written originally in Greek, by Chariton of Aphrodisios. Now first translated into English"
4.4756747079622256e-05,2,44686,hvd.hn6nee,1798,"Leprince de Beaumont,",Letters of Madame Du Montier
4.455930843953302e-05,2,44884,dul1.ark:/13960/t1kh1g56t,1794,"Naubert, Benedikte,",Herman of Unna
4.257130693912303e-05,2,46980,njp.32101074629559,1790,"Lavallée, Joseph,",The negro equalled by few Europeans;
4.2398931546925017e-05,2,47171,nyp.33433074911631,1798,"Smith, Charlotte,",The young philosopher
4.22654268808115e-05,3,70980,mdp.39015021305134,1799,"Radcliffe, Ann Ward,",The mysteries of Udolpho
4.203093476798924e-05,4,95168,njp.32101048392748,1792,<blank>,Arabian tales
4.18602704173469e-05,1,23889,nyp.33433074918743,1769,"Tooke, William,",The loves of Othniel and Achsah
4.162071046552765e-05,2,48053,uc2.ark:/13960/t1td9p949,1778,"Reeve, Clara,",The old English baron
4.142185289506889e-05,13,313844,inu.30000128785676,1785,"Gueullette, Thomas-Simon,",Tartarian tales
4.091876261661847e-05,3,73316,uc2.ark:/13960/t0ht2kf0b,1799,"Lee, Harriet,",Canterbury tales
3.95835807307129e-05,1,25263,nyp.33433007970449,1787,"Smith, Charlotte,",The romance of real life
3.8892345986309894e-05,3,77136,mdp.39015013472017,1795,"Radcliffe, Ann Ward,",The mysteries of Udolpho
3.8278244559704493e-05,2,52249,mdp.39015063950292,1792,"Radcliffe, Ann Ward,",The romance of the forest
3.813009990086174e-05,1,26226,mdp.39015027523300,1793,Talisīn-al-Dīn.,The loves of Cámarúpa and Cámalatà
3.7962189659099535e-05,2,52684,nyp.33433074874748,1796,"Lewis, M. G.",The monk
3.570408454727221e-05,4,112032,mdp.39015065793286,1758,"Mouhy, Charles de Fieux,",The fortunate country maid
3.520321053280059e-05,2,56813,mdp.39015062288256,1784,<blank>,Eloisa en déshabille
3.437607425232039e-05,1,29090,njp.32101037569348,1785,"Peacock, Lucy,","The adventures of the six princesses of Babylon, in their travels to the temple of virtue"
3.415767181308922e-05,1,29276,nnc1.0315300579,1796,"Brewer, George,",The Siamese tales
3.410641200545703e-05,1,29320,mdp.39015063979648,1785,"Peacock, Lucy,","The adventures of the six princesses of Babylon, in their travels to the temple of virtue"
3.3524422541821715e-05,1,29829,nyp.33433071372753,1776,"Douxménil,",The memoirs of Ninon de L'Enclos;
3.306768956053041e-05,1,30241,uc2.ark:/13960/t1jh3h32v,1786,"Douglas, James,",Travelling anecdotes
3.3060401353272427e-05,3,90743,nnc1.0037112015,1760,"Prévost,",The life and entertaining adventures of Mr. Cleveland;
3.2936991535193175e-05,2,60722,dul1.ark:/13960/t8jd5jd4x,1776,"Fénelon, François de Salignac de La Mothe-,","The adventures of Telemachus, the son of Ulysses"
3.196794680533652e-05,3,93844,mdp.39015065443007,1797,"Genlis, Stéphanie Félicité,",The knights of the Swan;
3.180560414745078e-05,1,31441,nyp.33433067307508,1786,<blank>,"Tales, romances, apologues, anecedotes and novels"
3.117239372811438e-05,3,96239,uva.x004490872,1780,"Richardson, Samuel,",The history of Sir Charles Grandison
3.075787401574803e-05,2,65024,ucm.5317974129,1795,"Radcliffe, Ann,",The mysteries of Udolfo
3.0490593651858403e-05,1,32797,nyp.33433074955091,1792,"Radcliffe, Ann Ward,",A Sicilian romance
3.0205092578608753e-05,1,33107,nyp.33433074918735,1769,"Tooke, William,",The loves of Othniel and Achsah
2.8805438466782528e-05,3,104147,hvd.hw3q0q,1796,"Rousseau, Jean-Jacques,",Eloisa: or A series of original letters
2.8448288124262123e-05,2,70303,uva.x000534718,1761,"Rousseau, Jean-Jacques,","Eloisa: or, A series of original letters collected and published by J.J. Rousseau"
2.7881170451535556e-05,2,71733,mdp.39015013472009,1795,"Radcliffe, Ann Ward,",The mysteries of Udolpho
2.7836543814719963e-05,1,35924,nyp.33433074955109,1792,"Radcliffe, Ann Ward,",A Sicilian romance
2.7288107842602195e-05,1,36646,njp.32101077780516,1768,"ʻInāyat Allāh,",Tales
2.635184989986297e-05,2,75896,nyp.33433075813414,1784,"Rousseau, Jean-Jacques,","Eloisa, or, A series of original letters"
2.560589959926767e-05,2,78107,nyp.33433074911714,1764,"Morell, Charles,",The tales of the genii
2.5272628479725034e-05,2,79137,nyp.33433075813430,1784,"Rousseau, Jean-Jacques,","Eloisa, or, A series of original letters"
2.4590567058476367e-05,1,40666,nyp.33433075736912,1791,"Gessner, Salomon,",The death of Abel
2.42518310132415e-05,1,41234,nyp.33433067304018,1799,"West,",A tale of the times
2.3818030248898416e-05,1,41985,uc2.ark:/13960/t7gq6vc6r,1792,"Radcliffe, Ann Ward,",The romance of the forest
2.3484652779408657e-05,1,42581,nyp.33433074911607,1795,"Smith, Charlotte,",Montalbert
2.145117177025795e-05,2,93235,uva.x004466918,1780,"Richardson, Samuel,",The history of Sir Charles Grandison
1.884303749764462e-05,1,53070,dul1.ark:/13960/t0gt6bf90,1787,"Lee, Sophia,","The recess, or, A tale of other times"
1.3563552023003784e-05,1,73727,mdp.39015013472033,1795,"Radcliffe, Ann Ward,",The mysteries of Udolpho
1.3561896495605946e-05,1,73736,ucm.531797411x,1795,"Radcliffe, Ann,",The mysteries of Udolfo
1.3206899284186058e-05,1,75718,mdp.39015013472025,1795,"Radcliffe, Ann Ward,",The mysteries of Udolpho
1.0337520028945056e-05,1,96735,uc2.ark:/13960/t4zg6hh2k,1777,"Griffith,",A collection of novels
0,0,4064,uc2.ark:/13960/t84j0ch7d,1765,<blank>,The council in the moon
0,0,16898,uc2.ark:/13960/t7vm44d7m,1761,"Hawkesworth, John,",Almoran and Hamet
0,0,18822,uc2.ark:/13960/t6542kr8w,1761,"Hawkesworth, John,",Almoran and Hamet
0,0,6452,uc1.31822035065192,1785,"Newton, John,",A monument to the praise of the Lord's goodness and to the memory of dear Eliza Cunningham
0,0,20187,nyp.33433082327655,1791,"Carter, George,",A narrative of the loss of the Grosvenor East Indiaman
0,0,24683,nyp.33433074955075,1795,<blank>,Letters of an Italian nun and an English gentleman
0,0,44001,mdp.39015064447561,1794,"Naubert, Benedikte,",Herman of Unna
0,0,45457,mdp.39015064447553,1794,"Naubert, Benedikte,",Herman of Unna
0,0,40108,mdp.39015064447546,1794,"Naubert, Benedikte,",Herman of Unna
0,0,26707,mdp.39015063891306,1762,"Leland, Thomas,","Longsword, Earl of Salisbury"
0,0,32741,mdp.39015063758588,1796,<blank>,The masquerade;
0,0,29082,mdp.39015057157755,1766,"Elie de Beaumont,","The history of the Marquis de Roselle, in a series of letters"
0,0,28128,mdp.39015022370764,1796,<blank>,The Siamese tales: being a collection of stories told to the son of the mandarin Sam-Sib
0,0,35415,mdp.39015010783762,1761,"Hawkesworth, John,",Almoran and Hamet
0,0,13123,hvd.hn2hdy,1799,"Kendall, Edward Augustus,",The canary bird
0,0,7142,dul1.ark:/13960/t3708st9f,1768,"Neville, Henry,","The parlament of ladies. Or Divers remarkable orders, of the ladies, at Spring Garden, in parlament assembled"
0,0,35077,dul1.ark:/13960/t1dj6471v,1795,"Saint-Pierre, Bernardin de,",Paul and Virginia
